[09May2026 19:01:46.117] [main/DEBUG] [mixin/]: Mixing client.DebugMainMixin from veil.debug.mixins.json into net.minecraft.client.main.Main
[09May2026 19:01:46.117] [main/DEBUG] [mixin/]: Renaming synthetic method lambda$preMain$0(Ljava/util/concurrent/atomic/AtomicBoolean;)V to md0b2283$veil$lambda$preMain$0$0 in veil.debug.mixins.json:client.DebugMainMixin from mod veil
[09May2026 19:01:46.222] [main/DEBUG] [mixin/]: veil.debug.mixins.json:client.DebugMainMixin from mod veil->@Inject::preMain(Lorg/spongepowered/asm/mixin/injection/callback/CallbackInfo;)V doesn't use it's CallbackInfo
[09May2026 19:01:46.434] [main/DEBUG] [mixin/]: Mixing StringRepresentableMixin from kubejs.mixins.json into net.minecraft.util.StringRepresentable
[09May2026 19:01:46.850] [main/DEBUG] [io.netty.util.internal.logging.InternalLoggerFactory/]: Using SLF4J as the default logging framework
[09May2026 19:01:46.852] [main/DEBUG] [io.netty.util.ResourceLeakDetector/]: -Dio.netty.leakDetection.level: simple
[09May2026 19:01:46.852] [main/DEBUG] [io.netty.util.ResourceLeakDetector/]: -Dio.netty.leakDetection.targetRecords: 4
[09May2026 19:01:46.964] [main/DEBUG] [mixin/]: Mixing accessor.NbtAccounterAccessor from create.mixins.json into net.minecraft.nbt.NbtAccounter
[09May2026 19:01:46.969] [main/DEBUG] [mixin/]: Mixing CompoundTagMixin from kubejs.mixins.json into net.minecraft.nbt.CompoundTag
[09May2026 19:01:47.051] [main/DEBUG] [mixin/]: Mixing MutableComponentMixin from kubejs.mixins.json into net.minecraft.network.chat.MutableComponent
[09May2026 19:01:47.064] [main/DEBUG] [mixin/]: Mixing ResourceLocationMixin from ftblibrary-common.mixins.json into net.minecraft.resources.ResourceLocation
[09May2026 19:01:47.064] [main/DEBUG] [mixin/]: ftblibrary-common.mixins.json:ResourceLocationMixin from mod ftblibrary: Class version 65 required is higher than the class version supported by the current version of Mixin (JAVA_8 supports class version 52)
[09May2026 19:01:47.065] [main/DEBUG] [mixin/]: Mixing ResourceLocationMixin from kubejs.mixins.json into net.minecraft.resources.ResourceLocation
[09May2026 19:01:47.067] [main/DEBUG] [mixin/]: Mixing texture.MixinResourceLocation from mixins.iris.json into net.minecraft.resources.ResourceLocation
[09May2026 19:01:47.067] [main/DEBUG] [mixin/]: mixins.iris.json:texture.MixinResourceLocation from mod iris: Class version 65 required is higher than the class version supported by the current version of Mixin (JAVA_8 supports class version 52)
[09May2026 19:01:47.079] [main/DEBUG] [mixin/]: mixins.iris.json:texture.MixinResourceLocation from mod iris->@Inject::iris$blockDUMMY(Ljava/lang/String;Lorg/spongepowered/asm/mixin/injection/callback/CallbackInfoReturnable;)V does use it's CallbackInfoReturnable
[09May2026 19:01:47.080] [main/DEBUG] [mixin/]: mixins.iris.json:texture.MixinResourceLocation from mod iris->@Inject::iris$allowInvalidPaths(CLorg/spongepowered/asm/mixin/injection/callback/CallbackInfoReturnable;)V does use it's CallbackInfoReturnable
[09May2026 19:01:47.672] [main/DEBUG] [mixin/]: Mixing datafixer.BlockPosFormatAndRenamesFixMixin from create.mixins.json into net.minecraft.util.datafix.fixes.BlockPosFormatAndRenamesFix
[09May2026 19:01:47.674] [main/DEBUG] [mixin/]: Renaming synthetic method lambda$create$addFixers$2(Lcom/mojang/datafixers/OpticFinder;Lcom/simibubi/create/foundation/utility/DataFixerHelper$BlockPosFixer;Lcom/mojang/datafixers/Typed;)Lcom/mojang/datafixers/Typed; to md0b2283$create$lambda$create$addFixers$2$0 in create.mixins.json:datafixer.BlockPosFormatAndRenamesFixMixin from mod create
[09May2026 19:01:47.674] [main/DEBUG] [mixin/]: Renaming synthetic method lambda$create$addFixers$1(Lcom/simibubi/create/foundation/utility/DataFixerHelper$BlockPosFixer;Lcom/mojang/datafixers/Typed;)Lcom/mojang/datafixers/Typed; to md0b2283$create$lambda$create$addFixers$1$1 in create.mixins.json:datafixer.BlockPosFormatAndRenamesFixMixin from mod create
[09May2026 19:01:47.674] [main/DEBUG] [mixin/]: Renaming synthetic method lambda$create$addFixers$0(Lcom/simibubi/create/foundation/utility/DataFixerHelper$BlockPosFixer;Lcom/mojang/serialization/Dynamic;)Lcom/mojang/serialization/Dynamic; to md0b2283$create$lambda$create$addFixers$0$2 in create.mixins.json:datafixer.BlockPosFormatAndRenamesFixMixin from mod create
[09May2026 19:01:47.688] [main/DEBUG] [mixin/]: create.mixins.json:datafixer.BlockPosFormatAndRenamesFixMixin from mod create->@Inject::create$addFixers(Lorg/spongepowered/asm/mixin/injection/callback/CallbackInfoReturnable;)V doesn't use it's CallbackInfoReturnable
[09May2026 19:01:47.688] [main/DEBUG] [mixin/]: create.mixins.json:datafixer.BlockPosFormatAndRenamesFixMixin from mod create->@Inject::create$addFixers(Lorg/spongepowered/asm/mixin/injection/callback/CallbackInfoReturnable;)V has 0 override(s) in child classes
[09May2026 19:01:47.688] [main/DEBUG] [mixin/]: create.mixins.json:datafixer.BlockPosFormatAndRenamesFixMixin from mod create->@Inject::create$addFixers(Lorg/spongepowered/asm/mixin/injection/callback/CallbackInfoReturnable;)V won't be passed a CallbackInfoReturnable as a result
[09May2026 19:01:47.701] [main/DEBUG] [mixin/]: Mixing datafix.ItemStackComponentizationFixMixin from farmersdelight.mixins.json into net.minecraft.util.datafix.fixes.ItemStackComponentizationFix
[09May2026 19:01:47.702] [main/DEBUG] [mixin/]: Renaming synthetic method lambda$fixCustomStacks$2(Lnet/minecraft/util/datafix/fixes/ItemStackComponentizationFix$ItemStackData;Lcom/mojang/serialization/Dynamic;)Lcom/mojang/serialization/Dynamic; to md0b2283$farmersdelight$lambda$fixCustomStacks$2$0 in farmersdelight.mixins.json:datafix.ItemStackComponentizationFixMixin from mod farmersdelight
[09May2026 19:01:47.703] [main/DEBUG] [mixin/]: Renaming synthetic method lambda$fixCustomStacks$1(Lcom/mojang/serialization/Dynamic;)Lcom/mojang/serialization/Dynamic; to md0b2283$farmersdelight$lambda$fixCustomStacks$1$1 in farmersdelight.mixins.json:datafix.ItemStackComponentizationFixMixin from mod farmersdelight
[09May2026 19:01:47.703] [main/DEBUG] [mixin/]: Renaming synthetic method lambda$fixCustomStacks$0(Lnet/minecraft/util/datafix/fixes/ItemStackComponentizationFix$ItemStackData;Lcom/mojang/serialization/Dynamic;)V to md0b2283$farmersdelight$lambda$fixCustomStacks$0$2 in farmersdelight.mixins.json:datafix.ItemStackComponentizationFixMixin from mod farmersdelight
[09May2026 19:01:47.839] [main/DEBUG] [mixin/]: Mixing datafixer.ItemStackComponentizationFixMixin from create.mixins.json into net.minecraft.util.datafix.fixes.ItemStackComponentizationFix
[09May2026 19:01:47.840] [main/DEBUG] [mixin/]: Renaming synthetic method lambda$create$moveItemStackHandlerToItemContainerContents$4(Lcom/mojang/serialization/Dynamic;Lnet/minecraft/util/datafix/fixes/ItemStackComponentizationFix$ItemStackData;Ljava/lang/String;Lcom/mojang/serialization/Dynamic;)V to md0b2283$create$lambda$create$moveItemStackHandlerToItemContainerContents$4$3 in create.mixins.json:datafixer.ItemStackComponentizationFixMixin from mod create
[09May2026 19:01:47.840] [main/DEBUG] [mixin/]: Renaming synthetic method lambda$create$moveItemStackHandlerToItemContainerContents$3(Lcom/mojang/serialization/Dynamic;Ljava/util/List;Lcom/mojang/serialization/Dynamic;)V to md0b2283$create$lambda$create$moveItemStackHandlerToItemContainerContents$3$4 in create.mixins.json:datafixer.ItemStackComponentizationFixMixin from mod create
[09May2026 19:01:47.840] [main/DEBUG] [mixin/]: Renaming synthetic method lambda$create$moveTagToEnumComponent$2([Ljava/lang/Enum;Lnet/minecraft/util/datafix/fixes/ItemStackComponentizationFix$ItemStackData;Ljava/lang/String;Lcom/mojang/serialization/Dynamic;)V to md0b2283$create$lambda$create$moveTagToEnumComponent$2$5 in create.mixins.json:datafixer.ItemStackComponentizationFixMixin from mod create
[09May2026 19:01:47.840] [main/DEBUG] [mixin/]: Renaming synthetic method lambda$create$fixItemsAndTranslateNBTIntoComponents$1(Lnet/minecraft/util/datafix/fixes/ItemStackComponentizationFix$ItemStackData;Lcom/mojang/serialization/Dynamic;)V to md0b2283$create$lambda$create$fixItemsAndTranslateNBTIntoComponents$1$6 in create.mixins.json:datafixer.ItemStackComponentizationFixMixin from mod create
[09May2026 19:01:47.841] [main/DEBUG] [mixin/]: Renaming synthetic method lambda$create$fixItemsAndTranslateNBTIntoComponents$0(Lcom/mojang/serialization/Dynamic;Lnet/minecraft/util/datafix/fixes/ItemStackComponentizationFix$ItemStackData;Lcom/mojang/serialization/Dynamic;)V to md0b2283$create$lambda$create$fixItemsAndTranslateNBTIntoComponents$0$7 in create.mixins.json:datafixer.ItemStackComponentizationFixMixin from mod create
[09May2026 19:01:47.866] [main/DEBUG] [mixin/]: Mixing common.dfu.MixinItemStackComponentizationFix from imm_ptl_peripheral.mixins.json into net.minecraft.util.datafix.fixes.ItemStackComponentizationFix
[09May2026 19:01:47.866] [main/DEBUG] [mixin/]: imm_ptl_peripheral.mixins.json:common.dfu.MixinItemStackComponentizationFix from mod immersive_portals_core: Class version 65 required is higher than the class version supported by the current version of Mixin (JAVA_17 supports class version 61)
[09May2026 19:01:47.967] [main/DEBUG] [mixin/]: farmersdelight.mixins.json:datafix.ItemStackComponentizationFixMixin from mod farmersdelight->@Inject::fixCustomStacks(Lnet/minecraft/util/datafix/fixes/ItemStackComponentizationFix$ItemStackData;Lcom/mojang/serialization/Dynamic;Lorg/spongepowered/asm/mixin/injection/callback/CallbackInfo;)V doesn't use it's CallbackInfo
[09May2026 19:01:47.967] [main/DEBUG] [mixin/]: create.mixins.json:datafixer.ItemStackComponentizationFixMixin from mod create->@Inject::create$fixItemsAndTranslateNBTIntoComponents(Lnet/minecraft/util/datafix/fixes/ItemStackComponentizationFix$ItemStackData;Lcom/mojang/serialization/Dynamic;Lorg/spongepowered/asm/mixin/injection/callback/CallbackInfo;)V doesn't use it's CallbackInfo
[09May2026 19:01:47.967] [main/DEBUG] [mixin/]: imm_ptl_peripheral.mixins.json:common.dfu.MixinItemStackComponentizationFix from mod immersive_portals_core->@Inject::onFixItemStack(Lnet/minecraft/util/datafix/fixes/ItemStackComponentizationFix$ItemStackData;Lcom/mojang/serialization/Dynamic;Lorg/spongepowered/asm/mixin/injection/callback/CallbackInfo;)V doesn't use it's CallbackInfo
[09May2026 19:01:48.795] [main/DEBUG] [mixin/]: Mixing StringTagMixin from kubejs.mixins.json into net.minecraft.nbt.StringTag
[09May2026 19:01:49.254] [main/DEBUG] [mixin/]: Mixing datafix.V1460Mixin from farmersdelight.mixins.json into net.minecraft.util.datafix.schemas.V1460
[09May2026 19:01:49.254] [main/DEBUG] [mixin/]: Renaming synthetic method lambda$farmersdelight$registerHandlerInventory$1(Lcom/mojang/datafixers/schemas/Schema;Ljava/lang/String;)Lcom/mojang/datafixers/types/templates/TypeTemplate; to md0b2283$farmersdelight$lambda$farmersdelight$registerHandlerInventory$1$0 in farmersdelight.mixins.json:datafix.V1460Mixin from mod farmersdelight
[09May2026 19:01:49.255] [main/DEBUG] [mixin/]: Renaming synthetic method lambda$registerFarmersDelightBlockEntities$0(Lcom/mojang/datafixers/schemas/Schema;Ljava/lang/String;)Lcom/mojang/datafixers/types/templates/TypeTemplate; to md0b2283$farmersdelight$lambda$registerFarmersDelightBlockEntities$0$1 in farmersdelight.mixins.json:datafix.V1460Mixin from mod farmersdelight
[09May2026 19:01:49.257] [main/DEBUG] [mixin/]: Mixing datafixer.V1460Mixin from create.mixins.json into net.minecraft.util.datafix.schemas.V1460
[09May2026 19:01:49.332] [main/DEBUG] [mixin/]: farmersdelight.mixins.json:datafix.V1460Mixin from mod farmersdelight->@Inject::registerFarmersDelightBlockEntities(Lcom/mojang/datafixers/schemas/Schema;Lorg/spongepowered/asm/mixin/injection/callback/CallbackInfoReturnable;)V does use it's CallbackInfoReturnable
[09May2026 19:01:49.333] [main/DEBUG] [mixin/]: create.mixins.json:datafixer.V1460Mixin from mod create->@Inject::create$registerEntitiesToBeFixed(Lcom/mojang/datafixers/schemas/Schema;Lorg/spongepowered/asm/mixin/injection/callback/CallbackInfoReturnable;)V does use it's CallbackInfoReturnable
[09May2026 19:01:49.333] [main/DEBUG] [mixin/]: create.mixins.json:datafixer.V1460Mixin from mod create->@Inject::create$registerBlockEntitiesToBeFixed(Lcom/mojang/datafixers/schemas/Schema;Lorg/spongepowered/asm/mixin/injection/callback/CallbackInfoReturnable;)V does use it's CallbackInfoReturnable
[09May2026 19:01:49.463] [main/DEBUG] [mixin/]: Mixing UtilMixin from kubejs.mixins.json into net.minecraft.Util
[09May2026 19:01:49.464] [main/DEBUG] [mixin/]: Mixing server.MixinTracingExecutor from DistantHorizons.neoforge.mixins.json into net.minecraft.Util
[09May2026 19:01:49.464] [main/DEBUG] [mixin/]: Mixing server.MixinUtilBackgroundThread from DistantHorizons.neoforge.mixins.json into net.minecraft.Util
[09May2026 19:01:49.466] [main/DEBUG] [mixin/]: Mixing UtilMixin from ftbchunks-common.mixins.json into net.minecraft.Util
[09May2026 19:01:49.467] [main/DEBUG] [mixin/]: ftbchunks-common.mixins.json:UtilMixin from mod ftbchunks: Class version 65 required is higher than the class version supported by the current version of Mixin (JAVA_17 supports class version 61)
[09May2026 19:01:49.536] [main/DEBUG] [mixin/]: kubejs.mixins.json:UtilMixin from mod kubejs->@Inject::shutdownExecutorsKJS(Lorg/spongepowered/asm/mixin/injection/callback/CallbackInfo;)V doesn't use it's CallbackInfo
[09May2026 19:01:49.536] [main/DEBUG] [mixin/]: DistantHorizons.neoforge.mixins.json:server.MixinUtilBackgroundThread from mod distanthorizons->@Inject::overrideUtil$backgroundExecutor(Lorg/spongepowered/asm/mixin/injection/callback/CallbackInfoReturnable;)V does use it's CallbackInfoReturnable
[09May2026 19:01:49.537] [main/DEBUG] [mixin/]: DistantHorizons.neoforge.mixins.json:server.MixinUtilBackgroundThread from mod distanthorizons->@Inject::overrideUtil$wrapThreadWithTaskName(Ljava/lang/String;Ljava/lang/Runnable;Lorg/spongepowered/asm/mixin/injection/callback/CallbackInfoReturnable;)V does use it's CallbackInfoReturnable
[09May2026 19:01:49.537] [main/DEBUG] [mixin/]: DistantHorizons.neoforge.mixins.json:server.MixinUtilBackgroundThread from mod distanthorizons->@Inject::overrideUtil$wrapThreadWithTaskNameForSupplier(Ljava/lang/String;Ljava/util/function/Supplier;Lorg/spongepowered/asm/mixin/injection/callback/CallbackInfoReturnable;)V does use it's CallbackInfoReturnable
[09May2026 19:01:49.537] [main/DEBUG] [mixin/]: ftbchunks-common.mixins.json:UtilMixin from mod ftbchunks->@Inject::shutdownExecutorsFTBC(Lorg/spongepowered/asm/mixin/injection/callback/CallbackInfo;)V doesn't use it's CallbackInfo
[09May2026 19:01:50.047] [main/DEBUG] [mixin/]: Mixing datafix.V3818_3Mixin from farmersdelight.mixins.json into net.minecraft.util.datafix.schemas.V3818_3
[09May2026 19:01:50.118] [main/DEBUG] [mixin/]: Mixing MixinSystemReport from mixins.iris.json into net.minecraft.SystemReport
[09May2026 19:01:50.118] [main/DEBUG] [mixin/]: mixins.iris.json:MixinSystemReport from mod iris: Class version 65 required is higher than the class version supported by the current version of Mixin (JAVA_8 supports class version 52)
[09May2026 19:01:50.118] [main/DEBUG] [mixin/]: Renaming synthetic method lambda$fillSystemDetails$1()Ljava/lang/String; to md0b2283$iris$lambda$fillSystemDetails$1$0 in mixins.iris.json:MixinSystemReport from mod iris
[09May2026 19:01:50.118] [main/DEBUG] [mixin/]: Renaming synthetic method lambda$fillSystemDetails$0(Ljava/lang/StringBuilder;Lnet/irisshaders/iris/shaderpack/ShaderPack;)V to md0b2283$iris$lambda$fillSystemDetails$0$1 in mixins.iris.json:MixinSystemReport from mod iris
[09May2026 19:01:50.125] [main/DEBUG] [mixin/]: Mixing accessor.SystemReportAccessor from create.mixins.json into net.minecraft.SystemReport
[09May2026 19:01:50.126] [main/DEBUG] [mixin/]: Renaming @Accessor method getOPERATING_SYSTEM()Ljava/lang/String; to getOPERATING_SYSTEM$create_$md$0b2283$2 in create.mixins.json:accessor.SystemReportAccessor from mod create
[09May2026 19:01:50.127] [main/DEBUG] [mixin/]: Renaming @Accessor method getJAVA_VERSION()Ljava/lang/String; to getJAVA_VERSION$create_$md$0b2283$3 in create.mixins.json:accessor.SystemReportAccessor from mod create
[09May2026 19:01:50.129] [main/DEBUG] [mixin/]: mixins.iris.json:MixinSystemReport from mod iris->@Inject::fillSystemDetails(Lorg/spongepowered/asm/mixin/injection/callback/CallbackInfo;)V doesn't use it's CallbackInfo
[09May2026 19:01:50.129] [main/DEBUG] [mixin/]: mixins.iris.json:MixinSystemReport from mod iris->@Inject::fillSystemDetails(Lorg/spongepowered/asm/mixin/injection/callback/CallbackInfo;)V has 0 override(s) in child classes
[09May2026 19:01:50.129] [main/DEBUG] [mixin/]: mixins.iris.json:MixinSystemReport from mod iris->@Inject::fillSystemDetails(Lorg/spongepowered/asm/mixin/injection/callback/CallbackInfo;)V won't be passed a CallbackInfo as a result
[09May2026 19:01:50.170] [main/DEBUG] [oshi.util.FileUtil/]: No oshi.properties file found from ClassLoader cpw.mods.modlauncher.TransformingClassLoader@70730db
[09May2026 19:01:50.612] [pool-2-thread-1/INFO] [EARLYDISPLAY/]: GL info: NVIDIA GeForce GTX 1050 Ti/PCIe/SSE2 GL version 4.6.0 NVIDIA 581.15, NVIDIA Corporation
[09May2026 19:01:54.705] [main/DEBUG] [oshi.util.FileUtil/]: No oshi.architecture.properties file found from ClassLoader cpw.mods.modlauncher.TransformingClassLoader@70730db
[09May2026 19:01:54.875] [main/DEBUG] [mixin/]: Mixing iris.MixinIrisIris from imm_ptl_compat.mixins.json into net.irisshaders.iris.Iris
[09May2026 19:01:54.875] [main/DEBUG] [mixin/]: imm_ptl_compat.mixins.json:iris.MixinIrisIris from mod immersive_portals_core: Class version 65 required is higher than the class version supported by the current version of Mixin (JAVA_17 supports class version 61)
[09May2026 19:01:54.879] [main/DEBUG] [mixin/]: Mixing ScreenMixin from kubejs.mixins.json into net.minecraft.client.gui.screens.Screen
[09May2026 19:01:54.880] [main/DEBUG] [mixin/]: Mixing client.accessor.ScreenAccessor from ponder-common.mixins.json into net.minecraft.client.gui.screens.Screen
[09May2026 19:01:54.880] [main/DEBUG] [mixin/]: ponder-common.mixins.json:client.accessor.ScreenAccessor from mod ponder: Class version 65 required is higher than the class version supported by the current version of Mixin (JAVA_17 supports class version 61)
[09May2026 19:01:54.936] [pool-7-thread-1/DEBUG] [mixin/]: Mixing BuiltInRegistriesMixin from create.mixins.json into net.minecraft.core.registries.BuiltInRegistries
[09May2026 19:01:54.936] [pool-7-thread-1/DEBUG] [mixin/]: Renaming synthetic method lambda$create$ourRegistriesAreNotEmpty$0(Ljava/util/function/Consumer;Lnet/minecraft/core/Registry;)V to md0b2283$create$lambda$create$ourRegistriesAreNotEmpty$0$0 in create.mixins.json:BuiltInRegistriesMixin from mod create
[09May2026 19:01:54.952] [pool-7-thread-1/DEBUG] [mixin/]: Mixing common.MappedRegistryAccessor from lithostitched.mixins.json into net.minecraft.core.MappedRegistry
[09May2026 19:01:54.953] [pool-7-thread-1/DEBUG] [mixin/]: lithostitched.mixins.json:common.MappedRegistryAccessor from mod lithostitched: Class version 65 required is higher than the class version supported by the current version of Mixin (JAVA_17 supports class version 61)
[09May2026 19:01:54.953] [pool-7-thread-1/DEBUG] [mixin/]: Mixing MappedRegistryAccessor from neoforge.mixins.json into net.minecraft.core.MappedRegistry
[09May2026 19:01:54.953] [pool-7-thread-1/DEBUG] [mixin/]: Mixing accessor.MappedRegistryAccessor from create.mixins.json into net.minecraft.core.MappedRegistry
[09May2026 19:01:54.954] [pool-7-thread-1/DEBUG] [mixin/]: Unexpected: Registered method getByValue()Ljava/util/Map; in net.minecraft.core.MappedRegistry was not merged
[09May2026 19:01:54.959] [pool-7-thread-1/DEBUG] [mixin/]: Mixing HolderMixin from kubejs.mixins.json into net.minecraft.core.Holder
[09May2026 19:01:54.961] [pool-7-thread-1/DEBUG] [mixin/]: Renaming synthetic method lambda$kjs$isTag$0(Lnet/minecraft/resources/ResourceLocation;Lnet/minecraft/resources/ResourceKey;)Ljava/lang/Boolean; to md0b2283$kubejs$lambda$kjs$isTag$0$0 in kubejs.mixins.json:HolderMixin from mod kubejs
[09May2026 19:01:54.970] [pool-7-thread-1/DEBUG] [mixin/]: Mixing RegistriesMixin from veil.neoforge.mixins.json into net.minecraft.core.registries.Registries
[09May2026 19:01:54.972] [pool-7-thread-1/DEBUG] [mixin/]: veil.neoforge.mixins.json:RegistriesMixin from mod veil->@Inject::veilElementsPath(Lnet/minecraft/resources/ResourceKey;Lorg/spongepowered/asm/mixin/injection/callback/CallbackInfoReturnable;)V does use it's CallbackInfoReturnable
[09May2026 19:01:54.972] [pool-7-thread-1/DEBUG] [mixin/]: veil.neoforge.mixins.json:RegistriesMixin from mod veil->@Inject::veilTagsPath(Lnet/minecraft/resources/ResourceKey;Lorg/spongepowered/asm/mixin/injection/callback/CallbackInfoReturnable;)V does use it's CallbackInfoReturnable
[09May2026 19:01:54.977] [pool-7-thread-1/DEBUG] [mixin/]: Mixing ResourceKeyMixin from kubejs.mixins.json into net.minecraft.resources.ResourceKey
[09May2026 19:01:54.996] [pool-7-thread-1/DEBUG] [mixin/]: kubejs.mixins.json:ResourceKeyMixin from mod kubejs->@Inject::kjs$getKeyStackTraces(Lnet/minecraft/resources/ResourceLocation;Lnet/minecraft/resources/ResourceLocation;Lorg/spongepowered/asm/mixin/injection/callback/CallbackInfo;)V doesn't use it's CallbackInfo
[09May2026 19:01:54.996] [pool-7-thread-1/DEBUG] [mixin/]: kubejs.mixins.json:ResourceKeyMixin from mod kubejs->@Inject::kjs$getKeyStackTraces(Lnet/minecraft/resources/ResourceLocation;Lnet/minecraft/resources/ResourceLocation;Lorg/spongepowered/asm/mixin/injection/callback/CallbackInfo;)V has 0 override(s) in child classes
[09May2026 19:01:54.997] [pool-7-thread-1/DEBUG] [mixin/]: kubejs.mixins.json:ResourceKeyMixin from mod kubejs->@Inject::kjs$getKeyStackTraces(Lnet/minecraft/resources/ResourceLocation;Lnet/minecraft/resources/ResourceLocation;Lorg/spongepowered/asm/mixin/injection/callback/CallbackInfo;)V won't be passed a CallbackInfo as a result
[09May2026 19:01:55.024] [pool-7-thread-1/DEBUG] [mixin/]: Mixing common.HolderReferenceAccessor from lithostitched.mixins.json into net.minecraft.core.Holder$Reference
[09May2026 19:01:55.024] [pool-7-thread-1/DEBUG] [mixin/]: lithostitched.mixins.json:common.HolderReferenceAccessor from mod lithostitched: Class version 65 required is higher than the class version supported by the current version of Mixin (JAVA_17 supports class version 61)
[09May2026 19:01:55.114] [pool-7-thread-1/DEBUG] [mixin/]: Mixing command.ArgumentTypeInfosMixin from sable.mixins.json into net.minecraft.commands.synchronization.ArgumentTypeInfos
[09May2026 19:01:55.118] [pool-7-thread-1/DEBUG] [mixin/]: sable.mixins.json:command.ArgumentTypeInfosMixin from mod sable->@Inject::sable$bootstrap(Lnet/minecraft/core/Registry;Lorg/spongepowered/asm/mixin/injection/callback/CallbackInfoReturnable;)V doesn't use it's CallbackInfoReturnable
[09May2026 19:01:55.212] [pool-7-thread-1/DEBUG] [mixin/]: Mixing patch.block.MixinDecoratedPotPatterns from bookshelf.mixins.json into net.minecraft.world.level.block.entity.DecoratedPotPatterns
[09May2026 19:01:55.212] [pool-7-thread-1/DEBUG] [mixin/]: bookshelf.mixins.json:patch.block.MixinDecoratedPotPatterns from mod bookshelf: Class version 65 required is higher than the class version supported by the current version of Mixin (JAVA_18 supports class version 62)
[09May2026 19:01:55.214] [pool-7-thread-1/DEBUG] [mixin/]: bookshelf.mixins.json:patch.block.MixinDecoratedPotPatterns from mod bookshelf->@Inject::getResourceKey(Lnet/minecraft/world/item/Item;Lorg/spongepowered/asm/mixin/injection/callback/CallbackInfoReturnable;)V does use it's CallbackInfoReturnable
[09May2026 19:01:55.227] [pool-7-thread-1/DEBUG] [mixin/]: Mixing CreativeModeTabMixin from kubejs.mixins.json into net.minecraft.world.item.CreativeModeTab
[09May2026 19:01:55.228] [pool-7-thread-1/DEBUG] [mixin/]: Mixing patch.item.MixinCreativeModeTab from bookshelf.mixins.json into net.minecraft.world.item.CreativeModeTab
[09May2026 19:01:55.228] [pool-7-thread-1/DEBUG] [mixin/]: bookshelf.mixins.json:patch.item.MixinCreativeModeTab from mod bookshelf: Class version 65 required is higher than the class version supported by the current version of Mixin (JAVA_18 supports class version 62)
[09May2026 19:01:55.228] [pool-7-thread-1/DEBUG] [mixin/]: Renaming synthetic method lambda$buildContents$1(Lnet/minecraft/world/item/ItemStack;)V to md0b2283$bookshelf$lambda$buildContents$1$0 in bookshelf.mixins.json:patch.item.MixinCreativeModeTab from mod bookshelf
[09May2026 19:01:55.228] [pool-7-thread-1/DEBUG] [mixin/]: Renaming synthetic method lambda$buildContents$0(Lnet/minecraft/resources/ResourceLocation;)Lnet/minecraft/tags/TagKey; to md0b2283$bookshelf$lambda$buildContents$0$1 in bookshelf.mixins.json:patch.item.MixinCreativeModeTab from mod bookshelf
[09May2026 19:01:55.236] [pool-7-thread-1/DEBUG] [mixin/]: Mixing creative_tab_sections.CreativeModeTabMixin from simulated.mixins.json into net.minecraft.world.item.CreativeModeTab
[09May2026 19:01:55.247] [pool-7-thread-1/DEBUG] [mixin/]: bookshelf.mixins.json:patch.item.MixinCreativeModeTab from mod bookshelf->@Inject::buildContents(Lnet/minecraft/world/item/CreativeModeTab$ItemDisplayParameters;Lorg/spongepowered/asm/mixin/injection/callback/CallbackInfo;)V doesn't use it's CallbackInfo
[09May2026 19:01:55.247] [pool-7-thread-1/DEBUG] [mixin/]: bookshelf.mixins.json:patch.item.MixinCreativeModeTab from mod bookshelf->@Inject::buildContents(Lnet/minecraft/world/item/CreativeModeTab$ItemDisplayParameters;Lorg/spongepowered/asm/mixin/injection/callback/CallbackInfo;)V has 0 override(s) in child classes
[09May2026 19:01:55.247] [pool-7-thread-1/DEBUG] [mixin/]: bookshelf.mixins.json:patch.item.MixinCreativeModeTab from mod bookshelf->@Inject::buildContents(Lnet/minecraft/world/item/CreativeModeTab$ItemDisplayParameters;Lorg/spongepowered/asm/mixin/injection/callback/CallbackInfo;)V won't be passed a CallbackInfo as a result
[09May2026 19:01:55.308] [pool-7-thread-1/DEBUG] [mixin/]: Mixing DataComponentsMixin from kubejs.mixins.json into net.minecraft.core.component.DataComponents
[09May2026 19:01:55.361] [pool-7-thread-1/DEBUG] [mixin/]: Mixing client.BakedModelMixin from fabric-renderer-api-v1.mixins.json into net.minecraft.client.resources.model.BakedModel
[09May2026 19:01:55.361] [pool-7-thread-1/DEBUG] [mixin/]: Mixing features.render.frapi.BakedModelMixin from sodium-common.mixins.json into net.minecraft.client.resources.model.BakedModel
[09May2026 19:01:55.363] [pool-7-thread-1/DEBUG] [mixin/]: sodium-common.mixins.json:features.render.frapi.BakedModelMixin from mod sodium: Class version 65 required is higher than the class version supported by the current version of Mixin (JAVA_17 supports class version 61)
[09May2026 19:01:55.371] [pool-7-thread-1/DEBUG] [mixin/]: Mixing accessor.CreateBlockEntityBuilderAccessor from simulated.mixins.json into com.simibubi.create.foundation.data.CreateBlockEntityBuilder
[09May2026 19:01:55.469] [pool-7-thread-1/DEBUG] [mixin/]: Mixing levitite.BlockMixin from aeronautics.mixins.json into net.minecraft.world.level.block.Block
[09May2026 19:01:55.469] [pool-7-thread-1/DEBUG] [mixin/]: aeronautics.mixins.json:levitite.BlockMixin from mod aeronautics: Class version 65 required is higher than the class version supported by the current version of Mixin (JAVA_18 supports class version 62)
[09May2026 19:01:55.470] [pool-7-thread-1/DEBUG] [mixin/]: Mixing BlockMixin from kubejs.mixins.json into net.minecraft.world.level.block.Block
[09May2026 19:01:55.476] [pool-7-thread-1/DEBUG] [mixin/]: Mixing BlockMixin from create.mixins.json into net.minecraft.world.level.block.Block
[09May2026 19:01:55.477] [pool-7-thread-1/DEBUG] [mixin/]: Mixing entity.entity_kicking.BlockMixin from sable.mixins.json into net.minecraft.world.level.block.Block
[09May2026 19:01:55.478] [pool-7-thread-1/DEBUG] [mixin/]: Renaming synthetic method lambda$sable$popResourceFromFace$0(Lnet/minecraft/world/level/Level;DDDLnet/minecraft/world/item/ItemStack;Ldev/ryanhcode/sable/sublevel/SubLevel;)Lnet/minecraft/world/entity/item/ItemEntity; to md0b2283$sable$lambda$sable$popResourceFromFace$0$0 in sable.mixins.json:entity.entity_kicking.BlockMixin from mod sable
[09May2026 19:01:55.480] [pool-7-thread-1/DEBUG] [mixin/]: Mixing entity.entity_rotations_and_riding.BlockMixin from sable.mixins.json into net.minecraft.world.level.block.Block
[09May2026 19:01:55.486] [pool-7-thread-1/DEBUG] [mixin/]: Mixing BlockMixin from ftbultimine-common.mixins.json into net.minecraft.world.level.block.Block
[09May2026 19:01:55.487] [pool-7-thread-1/DEBUG] [mixin/]: ftbultimine-common.mixins.json:BlockMixin from mod ftbultimine: Class version 65 required is higher than the class version supported by the current version of Mixin (JAVA_8 supports class version 52)
[09May2026 19:01:55.488] [pool-7-thread-1/DEBUG] [mixin/]: Mixing inject.MixinBlock from architectury-common.mixins.json into net.minecraft.world.level.block.Block
[09May2026 19:01:55.488] [pool-7-thread-1/DEBUG] [mixin/]: architectury-common.mixins.json:inject.MixinBlock from mod architectury: Class version 65 required is higher than the class version supported by the current version of Mixin (JAVA_16 supports class version 60)
[09May2026 19:01:55.539] [pool-7-thread-1/DEBUG] [mixin/]: kubejs.mixins.json:BlockMixin from mod kubejs->@Inject::kjs$getName(Lorg/spongepowered/asm/mixin/injection/callback/CallbackInfoReturnable;)V does use it's CallbackInfoReturnable
[09May2026 19:01:55.539] [pool-7-thread-1/DEBUG] [mixin/]: sable.mixins.json:entity.entity_kicking.BlockMixin from mod sable->@Inject::sable$popResourceFromFace(Lnet/minecraft/world/level/Level;Lnet/minecraft/core/BlockPos;Lnet/minecraft/world/item/ItemStack;Lorg/spongepowered/asm/mixin/injection/callback/CallbackInfo;DDDD)V does use it's CallbackInfo
[09May2026 19:01:55.540] [pool-7-thread-1/DEBUG] [mixin/]: ftbultimine-common.mixins.json:BlockMixin from mod ftbultimine->@Inject::onPlayerWillDestroy(Lnet/minecraft/world/level/Level;Lnet/minecraft/core/BlockPos;Lnet/minecraft/world/level/block/state/BlockState;Lnet/minecraft/world/entity/player/Player;Lorg/spongepowered/asm/mixin/injection/callback/CallbackInfoReturnable;)V doesn't use it's CallbackInfoReturnable
[09May2026 19:01:55.540] [pool-7-thread-1/DEBUG] [mixin/]: ftbultimine-common.mixins.json:BlockMixin from mod ftbultimine->@Inject::onPlayerWillDestroy(Lnet/minecraft/world/level/Level;Lnet/minecraft/core/BlockPos;Lnet/minecraft/world/level/block/state/BlockState;Lnet/minecraft/world/entity/player/Player;Lorg/spongepowered/asm/mixin/injection/callback/CallbackInfoReturnable;)V has 0 override(s) in child classes
[09May2026 19:01:55.540] [pool-7-thread-1/DEBUG] [mixin/]: ftbultimine-common.mixins.json:BlockMixin from mod ftbultimine->@Inject::onPlayerWillDestroy(Lnet/minecraft/world/level/Level;Lnet/minecraft/core/BlockPos;Lnet/minecraft/world/level/block/state/BlockState;Lnet/minecraft/world/entity/player/Player;Lorg/spongepowered/asm/mixin/injection/callback/CallbackInfoReturnable;)V won't be passed a CallbackInfoReturnable as a result
[09May2026 19:01:55.549] [pool-7-thread-1/DEBUG] [mixin/]: Mixing BlockBehaviourMixin from kubejs.mixins.json into net.minecraft.world.level.block.state.BlockBehaviour
[09May2026 19:01:55.557] [pool-7-thread-1/DEBUG] [mixin/]: Mixing accessor.BlockBehaviourAccessor from simulated.mixins.json into net.minecraft.world.level.block.state.BlockBehaviour
[09May2026 19:01:55.557] [pool-7-thread-1/DEBUG] [mixin/]: Mixing accessor.BlockBehaviourAccessor from create.mixins.json into net.minecraft.world.level.block.state.BlockBehaviour
[09May2026 19:01:55.560] [pool-7-thread-1/DEBUG] [mixin/]: kubejs.mixins.json:BlockBehaviourMixin from mod kubejs->@Inject::onRandomTick(Lnet/minecraft/world/level/block/state/BlockState;Lnet/minecraft/server/level/ServerLevel;Lnet/minecraft/core/BlockPos;Lnet/minecraft/util/RandomSource;Lorg/spongepowered/asm/mixin/injection/callback/CallbackInfo;)V does use it's CallbackInfo
[09May2026 19:01:55.640] [pool-7-thread-1/DEBUG] [mixin/]: Mixing inject.MixinFluid from architectury-common.mixins.json into net.minecraft.world.level.material.Fluid
[09May2026 19:01:55.640] [pool-7-thread-1/DEBUG] [mixin/]: architectury-common.mixins.json:inject.MixinFluid from mod architectury: Class version 65 required is higher than the class version supported by the current version of Mixin (JAVA_16 supports class version 60)
[09May2026 19:01:55.641] [pool-7-thread-1/DEBUG] [mixin/]: Mixing FluidMixin from kubejs.mixins.json into net.minecraft.world.level.material.Fluid
[09May2026 19:01:55.650] [pool-7-thread-1/DEBUG] [mixin/]: Mixing EntityTypeMixin from kubejs.mixins.json into net.minecraft.world.entity.EntityType
[09May2026 19:01:55.651] [pool-7-thread-1/DEBUG] [mixin/]: Mixing EntityTypeMixin from flywheel.impl.mixins.json into net.minecraft.world.entity.EntityType
[09May2026 19:01:55.652] [pool-7-thread-1/DEBUG] [mixin/]: Mixing entity.entity_rotations_and_riding.EntityTypeMixin from sable.mixins.json into net.minecraft.world.entity.EntityType
[09May2026 19:01:55.653] [pool-7-thread-1/DEBUG] [mixin/]: Mixing inject.MixinEntityType from architectury-common.mixins.json into net.minecraft.world.entity.EntityType
[09May2026 19:01:55.653] [pool-7-thread-1/DEBUG] [mixin/]: architectury-common.mixins.json:inject.MixinEntityType from mod architectury: Class version 65 required is higher than the class version supported by the current version of Mixin (JAVA_16 supports class version 60)
[09May2026 19:01:55.657] [pool-7-thread-1/DEBUG] [mixin/]: sable.mixins.json:entity.entity_rotations_and_riding.EntityTypeMixin from mod sable->@Inject::sable$startRidingEntity(Lnet/minecraft/nbt/CompoundTag;Lnet/minecraft/world/level/Level;Ljava/util/function/Function;Lnet/minecraft/world/entity/Entity;Lorg/spongepowered/asm/mixin/injection/callback/CallbackInfoReturnable;)V doesn't use it's CallbackInfoReturnable
[09May2026 19:01:55.675] [pool-7-thread-1/DEBUG] [mixin/]: Mixing MixinItem from mixins.iris.json into net.minecraft.world.item.Item
[09May2026 19:01:55.675] [pool-7-thread-1/DEBUG] [mixin/]: mixins.iris.json:MixinItem from mod iris: Class version 65 required is higher than the class version supported by the current version of Mixin (JAVA_8 supports class version 52)
[09May2026 19:01:55.713] [pool-7-thread-1/DEBUG] [mixin/]: Mixing PlacePumpkinPieMixin from farmersdelight.mixins.json into net.minecraft.world.item.Item
[09May2026 19:01:55.723] [pool-7-thread-1/DEBUG] [mixin/]: Mixing punching.ItemInvoker from sable.mixins.json into net.minecraft.world.item.Item
[09May2026 19:01:55.723] [pool-7-thread-1/DEBUG] [mixin/]: Renaming @Invoker method sable$getPlayerPOVHitResult(Lnet/minecraft/world/level/Level;Lnet/minecraft/world/entity/player/Player;Lnet/minecraft/world/level/ClipContext$Fluid;)Lnet/minecraft/world/phys/BlockHitResult; to getPlayerPOVHitResult$sable_$md$0b2283$0 in sable.mixins.json:punching.ItemInvoker from mod sable
[09May2026 19:01:55.723] [pool-7-thread-1/DEBUG] [mixin/]: Mixing inject.MixinItem from architectury-common.mixins.json into net.minecraft.world.item.Item
[09May2026 19:01:55.724] [pool-7-thread-1/DEBUG] [mixin/]: architectury-common.mixins.json:inject.MixinItem from mod architectury: Class version 65 required is higher than the class version supported by the current version of Mixin (JAVA_16 supports class version 60)
[09May2026 19:01:55.726] [pool-7-thread-1/DEBUG] [mixin/]: Mixing ItemMixin from ftblibrary-common.mixins.json into net.minecraft.world.item.Item
[09May2026 19:01:55.726] [pool-7-thread-1/DEBUG] [mixin/]: ftblibrary-common.mixins.json:ItemMixin from mod ftblibrary: Class version 65 required is higher than the class version supported by the current version of Mixin (JAVA_8 supports class version 52)
[09May2026 19:01:55.727] [pool-7-thread-1/DEBUG] [mixin/]: Mixing common.interaction.MixinItem_Interaction from imm_ptl.mixins.json into net.minecraft.world.item.Item
[09May2026 19:01:55.727] [pool-7-thread-1/DEBUG] [mixin/]: imm_ptl.mixins.json:common.interaction.MixinItem_Interaction from mod immersive_portals_core: Class version 65 required is higher than the class version supported by the current version of Mixin (JAVA_17 supports class version 61)
[09May2026 19:01:55.727] [pool-7-thread-1/DEBUG] [mixin/]: Mixing client.interaction.MixinItem_Interaction_Client from imm_ptl.mixins.json into net.minecraft.world.item.Item
[09May2026 19:01:55.727] [pool-7-thread-1/DEBUG] [mixin/]: imm_ptl.mixins.json:client.interaction.MixinItem_Interaction_Client from mod immersive_portals_core: Class version 65 required is higher than the class version supported by the current version of Mixin (JAVA_17 supports class version 61)
[09May2026 19:01:55.727] [pool-7-thread-1/DEBUG] [mixin/]: Mixing ItemMixin from kubejs.mixins.json into net.minecraft.world.item.Item
[09May2026 19:01:55.793] [pool-7-thread-1/DEBUG] [mixin/]: farmersdelight.mixins.json:PlacePumpkinPieMixin from mod farmersdelight->@Inject::usePumpkinPie(Lnet/minecraft/world/item/context/UseOnContext;Lorg/spongepowered/asm/mixin/injection/callback/CallbackInfoReturnable;)V does use it's CallbackInfoReturnable
[09May2026 19:01:55.794] [pool-7-thread-1/DEBUG] [mixin/]: architectury-common.mixins.json:inject.MixinItem from mod architectury->@Inject::init(Lnet/minecraft/world/item/Item$Properties;Lorg/spongepowered/asm/mixin/injection/callback/CallbackInfo;)V doesn't use it's CallbackInfo
[09May2026 19:01:55.794] [pool-7-thread-1/DEBUG] [mixin/]: architectury-common.mixins.json:inject.MixinItem from mod architectury->@Inject::init(Lnet/minecraft/world/item/Item$Properties;Lorg/spongepowered/asm/mixin/injection/callback/CallbackInfo;)V has 0 override(s) in child classes
[09May2026 19:01:55.794] [pool-7-thread-1/DEBUG] [mixin/]: architectury-common.mixins.json:inject.MixinItem from mod architectury->@Inject::init(Lnet/minecraft/world/item/Item$Properties;Lorg/spongepowered/asm/mixin/injection/callback/CallbackInfo;)V won't be passed a CallbackInfo as a result
[09May2026 19:01:55.794] [pool-7-thread-1/DEBUG] [mixin/]: kubejs.mixins.json:ItemMixin from mod kubejs->@Inject::isFoil(Lnet/minecraft/world/item/ItemStack;Lorg/spongepowered/asm/mixin/injection/callback/CallbackInfoReturnable;)V does use it's CallbackInfoReturnable
[09May2026 19:01:55.795] [pool-7-thread-1/DEBUG] [mixin/]: kubejs.mixins.json:ItemMixin from mod kubejs->@Inject::appendHoverText(Lnet/minecraft/world/item/ItemStack;Lnet/minecraft/world/item/Item$TooltipContext;Ljava/util/List;Lnet/minecraft/world/item/TooltipFlag;Lorg/spongepowered/asm/mixin/injection/callback/CallbackInfo;)V doesn't use it's CallbackInfo
[09May2026 19:01:55.795] [pool-7-thread-1/DEBUG] [mixin/]: kubejs.mixins.json:ItemMixin from mod kubejs->@Inject::appendHoverText(Lnet/minecraft/world/item/ItemStack;Lnet/minecraft/world/item/Item$TooltipContext;Ljava/util/List;Lnet/minecraft/world/item/TooltipFlag;Lorg/spongepowered/asm/mixin/injection/callback/CallbackInfo;)V has 0 override(s) in child classes
[09May2026 19:01:55.795] [pool-7-thread-1/DEBUG] [mixin/]: kubejs.mixins.json:ItemMixin from mod kubejs->@Inject::appendHoverText(Lnet/minecraft/world/item/ItemStack;Lnet/minecraft/world/item/Item$TooltipContext;Ljava/util/List;Lnet/minecraft/world/item/TooltipFlag;Lorg/spongepowered/asm/mixin/injection/callback/CallbackInfo;)V won't be passed a CallbackInfo as a result
[09May2026 19:01:55.795] [pool-7-thread-1/DEBUG] [mixin/]: kubejs.mixins.json:ItemMixin from mod kubejs->@Inject::isBarVisible(Lnet/minecraft/world/item/ItemStack;Lorg/spongepowered/asm/mixin/injection/callback/CallbackInfoReturnable;)V does use it's CallbackInfoReturnable
[09May2026 19:01:55.795] [pool-7-thread-1/DEBUG] [mixin/]: kubejs.mixins.json:ItemMixin from mod kubejs->@Inject::getBarWidth(Lnet/minecraft/world/item/ItemStack;Lorg/spongepowered/asm/mixin/injection/callback/CallbackInfoReturnable;)V does use it's CallbackInfoReturnable
[09May2026 19:01:55.795] [pool-7-thread-1/DEBUG] [mixin/]: kubejs.mixins.json:ItemMixin from mod kubejs->@Inject::getBarColor(Lnet/minecraft/world/item/ItemStack;Lorg/spongepowered/asm/mixin/injection/callback/CallbackInfoReturnable;)V does use it's CallbackInfoReturnable
[09May2026 19:01:55.795] [pool-7-thread-1/DEBUG] [mixin/]: kubejs.mixins.json:ItemMixin from mod kubejs->@Inject::getUseDuration(Lnet/minecraft/world/item/ItemStack;Lnet/minecraft/world/entity/LivingEntity;Lorg/spongepowered/asm/mixin/injection/callback/CallbackInfoReturnable;)V does use it's CallbackInfoReturnable
[09May2026 19:01:55.795] [pool-7-thread-1/DEBUG] [mixin/]: kubejs.mixins.json:ItemMixin from mod kubejs->@Inject::getUseAnimation(Lnet/minecraft/world/item/ItemStack;Lorg/spongepowered/asm/mixin/injection/callback/CallbackInfoReturnable;)V does use it's CallbackInfoReturnable
[09May2026 19:01:55.796] [pool-7-thread-1/DEBUG] [mixin/]: kubejs.mixins.json:ItemMixin from mod kubejs->@Inject::getName(Lnet/minecraft/world/item/ItemStack;Lorg/spongepowered/asm/mixin/injection/callback/CallbackInfoReturnable;)V does use it's CallbackInfoReturnable
[09May2026 19:01:55.796] [pool-7-thread-1/DEBUG] [mixin/]: kubejs.mixins.json:ItemMixin from mod kubejs->@Inject::use(Lnet/minecraft/world/level/Level;Lnet/minecraft/world/entity/player/Player;Lnet/minecraft/world/InteractionHand;Lorg/spongepowered/asm/mixin/injection/callback/CallbackInfoReturnable;)V does use it's CallbackInfoReturnable
[09May2026 19:01:55.796] [pool-7-thread-1/DEBUG] [mixin/]: kubejs.mixins.json:ItemMixin from mod kubejs->@Inject::finishUsingItem(Lnet/minecraft/world/item/ItemStack;Lnet/minecraft/world/level/Level;Lnet/minecraft/world/entity/LivingEntity;Lorg/spongepowered/asm/mixin/injection/callback/CallbackInfoReturnable;)V does use it's CallbackInfoReturnable
[09May2026 19:01:55.796] [pool-7-thread-1/DEBUG] [mixin/]: kubejs.mixins.json:ItemMixin from mod kubejs->@Inject::releaseUsing(Lnet/minecraft/world/item/ItemStack;Lnet/minecraft/world/level/Level;Lnet/minecraft/world/entity/LivingEntity;ILorg/spongepowered/asm/mixin/injection/callback/CallbackInfo;)V doesn't use it's CallbackInfo
[09May2026 19:01:55.796] [pool-7-thread-1/DEBUG] [mixin/]: kubejs.mixins.json:ItemMixin from mod kubejs->@Inject::releaseUsing(Lnet/minecraft/world/item/ItemStack;Lnet/minecraft/world/level/Level;Lnet/minecraft/world/entity/LivingEntity;ILorg/spongepowered/asm/mixin/injection/callback/CallbackInfo;)V has 0 override(s) in child classes
[09May2026 19:01:55.797] [pool-7-thread-1/DEBUG] [mixin/]: kubejs.mixins.json:ItemMixin from mod kubejs->@Inject::releaseUsing(Lnet/minecraft/world/item/ItemStack;Lnet/minecraft/world/level/Level;Lnet/minecraft/world/entity/LivingEntity;ILorg/spongepowered/asm/mixin/injection/callback/CallbackInfo;)V won't be passed a CallbackInfo as a result
[09May2026 19:01:55.797] [pool-7-thread-1/DEBUG] [mixin/]: kubejs.mixins.json:ItemMixin from mod kubejs->@Inject::hurtEnemy(Lnet/minecraft/world/item/ItemStack;Lnet/minecraft/world/entity/LivingEntity;Lnet/minecraft/world/entity/LivingEntity;Lorg/spongepowered/asm/mixin/injection/callback/CallbackInfoReturnable;)V does use it's CallbackInfoReturnable
[09May2026 19:01:55.808] [pool-7-thread-1/DEBUG] [mixin/]: Mixing AccessorPlayer from comforts.mixins.json into net.minecraft.world.entity.player.Player
[09May2026 19:01:55.808] [pool-7-thread-1/DEBUG] [mixin/]: comforts.mixins.json:AccessorPlayer from mod comforts: Class version 65 required is higher than the class version supported by the current version of Mixin (JAVA_17 supports class version 61)
[09May2026 19:01:55.808] [pool-7-thread-1/DEBUG] [mixin/]: Mixing player.PlayerMixin from simulated.mixins.json into net.minecraft.world.entity.player.Player
[09May2026 19:01:55.810] [pool-7-thread-1/DEBUG] [mixin/]: Mixing NourishmentAlwaysEatMixin from farmersdelight.mixins.json into net.minecraft.world.entity.player.Player
[09May2026 19:01:55.811] [pool-7-thread-1/DEBUG] [mixin/]: Mixing entity.entity_rotations_and_riding.PlayerMixin from sable.mixins.json into net.minecraft.world.entity.player.Player
[09May2026 19:01:55.815] [pool-7-thread-1/DEBUG] [mixin/]: Mixing entity.entity_sublevel_collision.PlayerMixin from sable.mixins.json into net.minecraft.world.entity.player.Player
[09May2026 19:01:55.824] [pool-7-thread-1/DEBUG] [mixin/]: Mixing interaction_distance.PlayerMixin from sable.mixins.json into net.minecraft.world.entity.player.Player
[09May2026 19:01:55.894] [pool-7-thread-1/DEBUG] [mixin/]: Mixing player_freezing.PlayerMixin from sable.mixins.json into net.minecraft.world.entity.player.Player
[09May2026 19:01:55.902] [pool-7-thread-1/DEBUG] [mixin/]: Mixing common.collision.MixinPlayer_Collision from imm_ptl.mixins.json into net.minecraft.world.entity.player.Player
[09May2026 19:01:55.902] [pool-7-thread-1/DEBUG] [mixin/]: imm_ptl.mixins.json:common.collision.MixinPlayer_Collision from mod immersive_portals_core: Class version 65 required is higher than the class version supported by the current version of Mixin (JAVA_17 supports class version 61)
[09May2026 19:01:55.904] [pool-7-thread-1/DEBUG] [mixin/]: Mixing common.other_sync.MixinPlayer_Pose from imm_ptl.mixins.json into net.minecraft.world.entity.player.Player
[09May2026 19:01:55.904] [pool-7-thread-1/DEBUG] [mixin/]: imm_ptl.mixins.json:common.other_sync.MixinPlayer_Pose from mod immersive_portals_core: Class version 65 required is higher than the class version supported by the current version of Mixin (JAVA_17 supports class version 61)
[09May2026 19:01:55.906] [pool-7-thread-1/DEBUG] [mixin/]: Mixing PlayerMixin from kubejs.mixins.json into net.minecraft.world.entity.player.Player
[09May2026 19:01:55.916] [pool-7-thread-1/DEBUG] [mixin/]: Mixing PlayerMixin from create.mixins.json into net.minecraft.world.entity.player.Player
[09May2026 19:01:56.040] [pool-7-thread-1/DEBUG] [mixin/]: farmersdelight.mixins.json:NourishmentAlwaysEatMixin from mod farmersdelight->@Inject::alwaysEatUnderNourishmentEffect(ZLorg/spongepowered/asm/mixin/injection/callback/CallbackInfoReturnable;)V does use it's CallbackInfoReturnable
[09May2026 19:01:56.041] [pool-7-thread-1/DEBUG] [mixin/]: sable.mixins.json:entity.entity_rotations_and_riding.PlayerMixin from mod sable->@Inject::sable$storeUpDeltaMovement(Lnet/minecraft/world/phys/Vec3;Lorg/spongepowered/asm/mixin/injection/callback/CallbackInfo;)V doesn't use it's CallbackInfo
[09May2026 19:01:56.041] [pool-7-thread-1/DEBUG] [mixin/]: sable.mixins.json:entity.entity_rotations_and_riding.PlayerMixin from mod sable->@Inject::sable$storeUpDeltaMovement(Lnet/minecraft/world/phys/Vec3;Lorg/spongepowered/asm/mixin/injection/callback/CallbackInfo;)V has 0 override(s) in child classes
[09May2026 19:01:56.041] [pool-7-thread-1/DEBUG] [mixin/]: sable.mixins.json:entity.entity_rotations_and_riding.PlayerMixin from mod sable->@Inject::sable$storeUpDeltaMovement(Lnet/minecraft/world/phys/Vec3;Lorg/spongepowered/asm/mixin/injection/callback/CallbackInfo;)V won't be passed a CallbackInfo as a result
[09May2026 19:01:56.047] [pool-7-thread-1/DEBUG] [mixin/]: sable.mixins.json:entity.entity_sublevel_collision.PlayerMixin from mod sable->@Inject::sable$maybeBackOffFromEdge(Lnet/minecraft/world/phys/Vec3;Lnet/minecraft/world/entity/MoverType;Lorg/spongepowered/asm/mixin/injection/callback/CallbackInfoReturnable;)V does use it's CallbackInfoReturnable
[09May2026 19:01:56.048] [pool-7-thread-1/DEBUG] [mixin/]: sable.mixins.json:interaction_distance.PlayerMixin from mod sable->@Inject::sable$canInteractWithBlock(Lnet/minecraft/core/BlockPos;DLorg/spongepowered/asm/mixin/injection/callback/CallbackInfoReturnable;)V does use it's CallbackInfoReturnable
[09May2026 19:01:56.048] [pool-7-thread-1/DEBUG] [mixin/]: sable.mixins.json:interaction_distance.PlayerMixin from mod sable->@Inject::sable$canInteractWithEntity(Lnet/minecraft/world/phys/AABB;DLorg/spongepowered/asm/mixin/injection/callback/CallbackInfoReturnable;)V does use it's CallbackInfoReturnable
[09May2026 19:01:56.048] [pool-7-thread-1/DEBUG] [mixin/]: sable.mixins.json:player_freezing.PlayerMixin from mod sable->@Inject::sable$preFrozenTick(Lorg/spongepowered/asm/mixin/injection/callback/CallbackInfo;)V doesn't use it's CallbackInfo
[09May2026 19:01:56.048] [pool-7-thread-1/DEBUG] [mixin/]: sable.mixins.json:player_freezing.PlayerMixin from mod sable->@Inject::sable$preFrozenTick(Lorg/spongepowered/asm/mixin/injection/callback/CallbackInfo;)V has 0 override(s) in child classes
[09May2026 19:01:56.048] [pool-7-thread-1/DEBUG] [mixin/]: sable.mixins.json:player_freezing.PlayerMixin from mod sable->@Inject::sable$preFrozenTick(Lorg/spongepowered/asm/mixin/injection/callback/CallbackInfo;)V won't be passed a CallbackInfo as a result
[09May2026 19:01:56.048] [pool-7-thread-1/DEBUG] [mixin/]: imm_ptl.mixins.json:common.other_sync.MixinPlayer_Pose from mod immersive_portals_core->@Inject::onUpdatePlayerPose(Lorg/spongepowered/asm/mixin/injection/callback/CallbackInfo;)V does use it's CallbackInfo
[09May2026 19:01:56.198] [pool-7-thread-1/DEBUG] [mixin/]: Mixing LivingEntityMixin from kubejs.mixins.json into net.minecraft.world.entity.LivingEntity
[09May2026 19:01:56.200] [pool-7-thread-1/DEBUG] [mixin/]: Mixing patch.entity.MixinLivingEntity from bookshelf.mixins.json into net.minecraft.world.entity.LivingEntity
[09May2026 19:01:56.200] [pool-7-thread-1/DEBUG] [mixin/]: bookshelf.mixins.json:patch.entity.MixinLivingEntity from mod bookshelf: Class version 65 required is higher than the class version supported by the current version of Mixin (JAVA_18 supports class version 62)
[09May2026 19:01:56.201] [pool-7-thread-1/DEBUG] [mixin/]: Mixing CustomItemUseEffectsMixin from create.mixins.json into net.minecraft.world.entity.LivingEntity
[09May2026 19:01:56.203] [pool-7-thread-1/DEBUG] [mixin/]: Mixing LavaSwimmingMixin from create.mixins.json into net.minecraft.world.entity.LivingEntity
[09May2026 19:01:56.206] [pool-7-thread-1/DEBUG] [mixin/]: Mixing accessor.LivingEntityAccessor from create.mixins.json into net.minecraft.world.entity.LivingEntity
[09May2026 19:01:56.206] [pool-7-thread-1/DEBUG] [mixin/]: Mixing climbing_sub_levels.LivingEntityMixin from sable.mixins.json into net.minecraft.world.entity.LivingEntity
[09May2026 19:01:56.210] [pool-7-thread-1/DEBUG] [mixin/]: Mixing entity.entities_stick_sublevels.LivingEntityMixin from sable.mixins.json into net.minecraft.world.entity.LivingEntity
[09May2026 19:01:56.220] [pool-7-thread-1/DEBUG] [mixin/]: Mixing entity.entities_stick_sublevels.effects.LivingEntityMixin from sable.mixins.json into net.minecraft.world.entity.LivingEntity
[09May2026 19:01:56.221] [pool-7-thread-1/DEBUG] [mixin/]: Mixing entity.entity_rotations_and_riding.LivingEntityMixin from sable.mixins.json into net.minecraft.world.entity.LivingEntity
[09May2026 19:01:56.224] [pool-7-thread-1/DEBUG] [mixin/]: Mixing entity.entity_sublevel_collision.LivingEntityMixin from sable.mixins.json into net.minecraft.world.entity.LivingEntity
[09May2026 19:01:56.336] [pool-7-thread-1/DEBUG] [mixin/]: Mixing respawn_point.sleeping.LivingEntityMixin from sable.mixins.json into net.minecraft.world.entity.LivingEntity
[09May2026 19:01:56.339] [pool-7-thread-1/DEBUG] [mixin/]: Mixing entities_stick_sublevels.effects.LivingEntityMixin from sable-neoforge.mixins.json into net.minecraft.world.entity.LivingEntity
[09May2026 19:01:56.340] [pool-7-thread-1/DEBUG] [mixin/]: Mixing common.MixinLivingEntity from imm_ptl.mixins.json into net.minecraft.world.entity.LivingEntity
[09May2026 19:01:56.340] [pool-7-thread-1/DEBUG] [mixin/]: imm_ptl.mixins.json:common.MixinLivingEntity from mod immersive_portals_core: Class version 65 required is higher than the class version supported by the current version of Mixin (JAVA_17 supports class version 61)
[09May2026 19:01:56.343] [pool-7-thread-1/DEBUG] [mixin/]: Mixing client.MixinLivingEntity_C from imm_ptl.mixins.json into net.minecraft.world.entity.LivingEntity
[09May2026 19:01:56.344] [pool-7-thread-1/DEBUG] [mixin/]: imm_ptl.mixins.json:client.MixinLivingEntity_C from mod immersive_portals_core: Class version 65 required is higher than the class version supported by the current version of Mixin (JAVA_17 supports class version 61)
[09May2026 19:01:56.556] [pool-7-thread-1/DEBUG] [mixin/]: kubejs.mixins.json:LivingEntityMixin from mod kubejs->@Inject::foodEaten(Lnet/minecraft/world/level/Level;Lnet/minecraft/world/item/ItemStack;Lnet/minecraft/world/food/FoodProperties;Lorg/spongepowered/asm/mixin/injection/callback/CallbackInfoReturnable;)V doesn't use it's CallbackInfoReturnable
[09May2026 19:01:56.556] [pool-7-thread-1/DEBUG] [mixin/]: kubejs.mixins.json:LivingEntityMixin from mod kubejs->@Inject::foodEaten(Lnet/minecraft/world/level/Level;Lnet/minecraft/world/item/ItemStack;Lnet/minecraft/world/food/FoodProperties;Lorg/spongepowered/asm/mixin/injection/callback/CallbackInfoReturnable;)V has 0 override(s) in child classes
[09May2026 19:01:56.556] [pool-7-thread-1/DEBUG] [mixin/]: kubejs.mixins.json:LivingEntityMixin from mod kubejs->@Inject::foodEaten(Lnet/minecraft/world/level/Level;Lnet/minecraft/world/item/ItemStack;Lnet/minecraft/world/food/FoodProperties;Lorg/spongepowered/asm/mixin/injection/callback/CallbackInfoReturnable;)V won't be passed a CallbackInfoReturnable as a result
[09May2026 19:01:56.556] [pool-7-thread-1/DEBUG] [mixin/]: bookshelf.mixins.json:patch.entity.MixinLivingEntity from mod bookshelf->@Inject::updateFakePlayerDamageTimes(Lnet/minecraft/world/damagesource/DamageSource;FLorg/spongepowered/asm/mixin/injection/callback/CallbackInfoReturnable;)V doesn't use it's CallbackInfoReturnable
[09May2026 19:01:56.556] [pool-7-thread-1/DEBUG] [mixin/]: bookshelf.mixins.json:patch.entity.MixinLivingEntity from mod bookshelf->@Inject::updateFakePlayerDamageTimes(Lnet/minecraft/world/damagesource/DamageSource;FLorg/spongepowered/asm/mixin/injection/callback/CallbackInfoReturnable;)V has 0 override(s) in child classes
[09May2026 19:01:56.556] [pool-7-thread-1/DEBUG] [mixin/]: bookshelf.mixins.json:patch.entity.MixinLivingEntity from mod bookshelf->@Inject::updateFakePlayerDamageTimes(Lnet/minecraft/world/damagesource/DamageSource;FLorg/spongepowered/asm/mixin/injection/callback/CallbackInfoReturnable;)V won't be passed a CallbackInfoReturnable as a result
[09May2026 19:01:56.556] [pool-7-thread-1/DEBUG] [mixin/]: create.mixins.json:CustomItemUseEffectsMixin from mod create->@Inject::create$onShouldTriggerUseEffects(Lorg/spongepowered/asm/mixin/injection/callback/CallbackInfoReturnable;)V does use it's CallbackInfoReturnable
[09May2026 19:01:56.556] [pool-7-thread-1/DEBUG] [mixin/]: create.mixins.json:CustomItemUseEffectsMixin from mod create->@Inject::create$onTriggerUseEffects(Lnet/minecraft/world/item/ItemStack;ILorg/spongepowered/asm/mixin/injection/callback/CallbackInfo;)V does use it's CallbackInfo
[09May2026 19:01:56.556] [pool-7-thread-1/DEBUG] [mixin/]: create.mixins.json:LavaSwimmingMixin from mod create->@Inject::create$onLavaTravel(Lnet/minecraft/world/phys/Vec3;Lorg/spongepowered/asm/mixin/injection/callback/CallbackInfo;)V doesn't use it's CallbackInfo
[09May2026 19:01:56.556] [pool-7-thread-1/DEBUG] [mixin/]: create.mixins.json:LavaSwimmingMixin from mod create->@Inject::create$onLavaTravel(Lnet/minecraft/world/phys/Vec3;Lorg/spongepowered/asm/mixin/injection/callback/CallbackInfo;)V has 0 override(s) in child classes
[09May2026 19:01:56.556] [pool-7-thread-1/DEBUG] [mixin/]: create.mixins.json:LavaSwimmingMixin from mod create->@Inject::create$onLavaTravel(Lnet/minecraft/world/phys/Vec3;Lorg/spongepowered/asm/mixin/injection/callback/CallbackInfo;)V won't be passed a CallbackInfo as a result
[09May2026 19:01:56.556] [pool-7-thread-1/DEBUG] [mixin/]: sable.mixins.json:entity.entities_stick_sublevels.LivingEntityMixin from mod sable->@Inject::sable$updateRotLerp(Lorg/spongepowered/asm/mixin/injection/callback/CallbackInfo;)V doesn't use it's CallbackInfo
[09May2026 19:01:56.557] [pool-7-thread-1/DEBUG] [mixin/]: sable.mixins.json:entity.entities_stick_sublevels.LivingEntityMixin from mod sable->@Inject::sable$updateRotLerp(Lorg/spongepowered/asm/mixin/injection/callback/CallbackInfo;)V has 0 override(s) in child classes
[09May2026 19:01:56.557] [pool-7-thread-1/DEBUG] [mixin/]: sable.mixins.json:entity.entities_stick_sublevels.LivingEntityMixin from mod sable->@Inject::sable$updateRotLerp(Lorg/spongepowered/asm/mixin/injection/callback/CallbackInfo;)V won't be passed a CallbackInfo as a result
[09May2026 19:01:56.557] [pool-7-thread-1/DEBUG] [mixin/]: sable.mixins.json:entity.entities_stick_sublevels.LivingEntityMixin from mod sable->@Inject::sable$updatePlotPosition(Lorg/spongepowered/asm/mixin/injection/callback/CallbackInfo;)V doesn't use it's CallbackInfo
[09May2026 19:01:56.557] [pool-7-thread-1/DEBUG] [mixin/]: sable.mixins.json:entity.entities_stick_sublevels.LivingEntityMixin from mod sable->@Inject::sable$updatePlotPosition(Lorg/spongepowered/asm/mixin/injection/callback/CallbackInfo;)V has 0 override(s) in child classes
[09May2026 19:01:56.557] [pool-7-thread-1/DEBUG] [mixin/]: sable.mixins.json:entity.entities_stick_sublevels.LivingEntityMixin from mod sable->@Inject::sable$updatePlotPosition(Lorg/spongepowered/asm/mixin/injection/callback/CallbackInfo;)V won't be passed a CallbackInfo as a result
[09May2026 19:01:56.557] [pool-7-thread-1/DEBUG] [mixin/]: sable.mixins.json:entity.entities_stick_sublevels.LivingEntityMixin from mod sable->@Inject::sable$recreateFromPacket(Lnet/minecraft/network/protocol/game/ClientboundAddEntityPacket;Lorg/spongepowered/asm/mixin/injection/callback/CallbackInfo;)V doesn't use it's CallbackInfo
[09May2026 19:01:56.557] [pool-7-thread-1/DEBUG] [mixin/]: sable.mixins.json:entity.entities_stick_sublevels.LivingEntityMixin from mod sable->@Inject::sable$recreateFromPacket(Lnet/minecraft/network/protocol/game/ClientboundAddEntityPacket;Lorg/spongepowered/asm/mixin/injection/callback/CallbackInfo;)V has 0 override(s) in child classes
[09May2026 19:01:56.557] [pool-7-thread-1/DEBUG] [mixin/]: sable.mixins.json:entity.entities_stick_sublevels.LivingEntityMixin from mod sable->@Inject::sable$recreateFromPacket(Lnet/minecraft/network/protocol/game/ClientboundAddEntityPacket;Lorg/spongepowered/asm/mixin/injection/callback/CallbackInfo;)V won't be passed a CallbackInfo as a result
[09May2026 19:01:56.557] [pool-7-thread-1/DEBUG] [mixin/]: sable.mixins.json:entity.entity_rotations_and_riding.LivingEntityMixin from mod sable->@Inject::sable$jumpFromGround(Lorg/spongepowered/asm/mixin/injection/callback/CallbackInfo;)V does use it's CallbackInfo
[09May2026 19:01:56.557] [pool-7-thread-1/DEBUG] [mixin/]: sable.mixins.json:entity.entity_sublevel_collision.LivingEntityMixin from mod sable->@Inject::sable$beforeAnimation(Lnet/minecraft/world/phys/Vec3;Lorg/spongepowered/asm/mixin/injection/callback/CallbackInfo;)V doesn't use it's CallbackInfo
[09May2026 19:01:56.557] [pool-7-thread-1/DEBUG] [mixin/]: sable.mixins.json:entity.entity_sublevel_collision.LivingEntityMixin from mod sable->@Inject::sable$beforeAnimation(Lnet/minecraft/world/phys/Vec3;Lorg/spongepowered/asm/mixin/injection/callback/CallbackInfo;)V has 0 override(s) in child classes
[09May2026 19:01:56.557] [pool-7-thread-1/DEBUG] [mixin/]: sable.mixins.json:entity.entity_sublevel_collision.LivingEntityMixin from mod sable->@Inject::sable$beforeAnimation(Lnet/minecraft/world/phys/Vec3;Lorg/spongepowered/asm/mixin/injection/callback/CallbackInfo;)V won't be passed a CallbackInfo as a result
[09May2026 19:01:56.558] [pool-7-thread-1/DEBUG] [mixin/]: sable-neoforge.mixins.json:entities_stick_sublevels.effects.LivingEntityMixin from mod sable->@Inject::playBlockFallSound(Lorg/spongepowered/asm/mixin/injection/callback/CallbackInfo;)V doesn't use it's CallbackInfo
[09May2026 19:01:56.558] [pool-7-thread-1/DEBUG] [mixin/]: sable-neoforge.mixins.json:entities_stick_sublevels.effects.LivingEntityMixin from mod sable->@Inject::playBlockFallSound(Lorg/spongepowered/asm/mixin/injection/callback/CallbackInfo;)V has 0 override(s) in child classes
[09May2026 19:01:56.558] [pool-7-thread-1/DEBUG] [mixin/]: sable-neoforge.mixins.json:entities_stick_sublevels.effects.LivingEntityMixin from mod sable->@Inject::playBlockFallSound(Lorg/spongepowered/asm/mixin/injection/callback/CallbackInfo;)V won't be passed a CallbackInfo as a result
[09May2026 19:01:56.558] [pool-7-thread-1/DEBUG] [mixin/]: imm_ptl.mixins.json:common.MixinLivingEntity from mod immersive_portals_core->@Inject::onTickEnded(Lorg/spongepowered/asm/mixin/injection/callback/CallbackInfo;)V doesn't use it's CallbackInfo
[09May2026 19:01:56.558] [pool-7-thread-1/DEBUG] [mixin/]: imm_ptl.mixins.json:common.MixinLivingEntity from mod immersive_portals_core->@Inject::onTickEnded(Lorg/spongepowered/asm/mixin/injection/callback/CallbackInfo;)V has 0 override(s) in child classes
[09May2026 19:01:56.558] [pool-7-thread-1/DEBUG] [mixin/]: imm_ptl.mixins.json:common.MixinLivingEntity from mod immersive_portals_core->@Inject::onTickEnded(Lorg/spongepowered/asm/mixin/injection/callback/CallbackInfo;)V won't be passed a CallbackInfo as a result
[09May2026 19:01:56.558] [pool-7-thread-1/DEBUG] [mixin/]: imm_ptl.mixins.json:client.MixinLivingEntity_C from mod immersive_portals_core->@Inject::onUpdateTrackedPositionAndAngles(DDDFFILorg/spongepowered/asm/mixin/injection/callback/CallbackInfo;)V doesn't use it's CallbackInfo
[09May2026 19:01:56.558] [pool-7-thread-1/DEBUG] [mixin/]: imm_ptl.mixins.json:client.MixinLivingEntity_C from mod immersive_portals_core->@Inject::onUpdateTrackedPositionAndAngles(DDDFFILorg/spongepowered/asm/mixin/injection/callback/CallbackInfo;)V has 0 override(s) in child classes
[09May2026 19:01:56.558] [pool-7-thread-1/DEBUG] [mixin/]: imm_ptl.mixins.json:client.MixinLivingEntity_C from mod immersive_portals_core->@Inject::onUpdateTrackedPositionAndAngles(DDDFFILorg/spongepowered/asm/mixin/injection/callback/CallbackInfo;)V won't be passed a CallbackInfo as a result
[09May2026 19:01:56.621] [pool-7-thread-1/DEBUG] [mixin/]: Mixing entity.entity_swimming.EntityMixin from sable-neoforge.mixins.json into net.minecraft.world.entity.Entity
[09May2026 19:01:56.622] [pool-7-thread-1/DEBUG] [mixin/]: Renaming synthetic method lambda$updateFluidHeightAndDoFluidPushing$2(Lnet/neoforged/neoforge/fluids/FluidType;Ldev/ryanhcode/sable/neoforge/mixinhelper/entity/SableInterimCalculation;)V to md0b2283$sable$lambda$updateFluidHeightAndDoFluidPushing$2$0 in sable-neoforge.mixins.json:entity.entity_swimming.EntityMixin from mod sable
[09May2026 19:01:56.622] [pool-7-thread-1/DEBUG] [mixin/]: Renaming synthetic method lambda$updateFluidHeightAndDoFluidPushing$1(Ljava/lang/Object;)Ldev/ryanhcode/sable/neoforge/mixinhelper/entity/SableInterimCalculation; to md0b2283$sable$lambda$updateFluidHeightAndDoFluidPushing$1$1 in sable-neoforge.mixins.json:entity.entity_swimming.EntityMixin from mod sable
[09May2026 19:01:56.622] [pool-7-thread-1/DEBUG] [mixin/]: Renaming synthetic method lambda$updateFluidHeightAndDoFluidPushing$0(Ljava/lang/Object;)Ldev/ryanhcode/sable/neoforge/mixinhelper/entity/SableInterimCalculation; to md0b2283$sable$lambda$updateFluidHeightAndDoFluidPushing$0$2 in sable-neoforge.mixins.json:entity.entity_swimming.EntityMixin from mod sable
[09May2026 19:01:56.636] [pool-7-thread-1/DEBUG] [mixin/]: Mixing EntityMixin from kubejs.mixins.json into net.minecraft.world.entity.Entity
[09May2026 19:01:56.638] [pool-7-thread-1/DEBUG] [mixin/]: Mixing access.entity.AccessorEntity from bookshelf.mixins.json into net.minecraft.world.entity.Entity
[09May2026 19:01:56.638] [pool-7-thread-1/DEBUG] [mixin/]: bookshelf.mixins.json:access.entity.AccessorEntity from mod bookshelf: Class version 65 required is higher than the class version supported by the current version of Mixin (JAVA_18 supports class version 62)
[09May2026 19:01:56.639] [pool-7-thread-1/DEBUG] [mixin/]: Mixing client.QuasarEntityMixin from veil.quasar.mixins.json into net.minecraft.world.entity.Entity
[09May2026 19:01:56.640] [pool-7-thread-1/DEBUG] [mixin/]: Mixing spring_item_bounce.EntityMixin from simulated.mixins.json into net.minecraft.world.entity.Entity
[09May2026 19:01:56.681] [pool-7-thread-1/DEBUG] [mixin/]: Mixing server.MixinLevelTicks from DistantHorizons.neoforge.mixins.json into net.minecraft.world.entity.Entity
[09May2026 19:01:56.682] [pool-7-thread-1/DEBUG] [mixin/]: Mixing client.MixinChunkSectionsToRender from DistantHorizons.neoforge.mixins.json into net.minecraft.world.entity.Entity
[09May2026 19:01:56.682] [pool-7-thread-1/DEBUG] [mixin/]: Mixing client.MixinGameRenderer from DistantHorizons.neoforge.mixins.json into net.minecraft.world.entity.Entity
[09May2026 19:01:56.682] [pool-7-thread-1/DEBUG] [mixin/]: Mixing EntityAccess from jade.mixins.json into net.minecraft.world.entity.Entity
[09May2026 19:01:56.682] [pool-7-thread-1/DEBUG] [mixin/]: jade.mixins.json:EntityAccess from mod jade: Class version 65 required is higher than the class version supported by the current version of Mixin (JAVA_16 supports class version 60)
[09May2026 19:01:56.683] [pool-7-thread-1/DEBUG] [mixin/]: Mixing accessor.EntityAccessor from ponder-common.mixins.json into net.minecraft.world.entity.Entity
[09May2026 19:01:56.683] [pool-7-thread-1/DEBUG] [mixin/]: ponder-common.mixins.json:accessor.EntityAccessor from mod ponder: Class version 65 required is higher than the class version supported by the current version of Mixin (JAVA_17 supports class version 61)
[09May2026 19:01:56.683] [pool-7-thread-1/DEBUG] [mixin/]: Mixing client.EntityContraptionInteractionMixin from create.mixins.json into net.minecraft.world.entity.Entity
[09May2026 19:01:56.683] [pool-7-thread-1/DEBUG] [mixin/]: Renaming synthetic method lambda$create$onSpawnSprintParticle$4(Lnet/minecraft/world/entity/Entity;Lnet/minecraft/core/BlockPos;Lcom/simibubi/create/content/contraptions/Contraption;Lnet/minecraft/world/level/block/state/BlockState;Lnet/minecraft/core/BlockPos;)V to md0b2283$create$lambda$create$onSpawnSprintParticle$4$3 in create.mixins.json:client.EntityContraptionInteractionMixin from mod create
[09May2026 19:01:56.686] [pool-7-thread-1/DEBUG] [mixin/]: Renaming synthetic method lambda$create$onMove$3(Lnet/minecraft/world/phys/Vec3;Lnet/minecraft/world/entity/Entity;Lcom/simibubi/create/content/contraptions/AbstractContraptionEntity;)Z to md0b2283$create$lambda$create$onMove$3$4 in create.mixins.json:client.EntityContraptionInteractionMixin from mod create
[09May2026 19:01:56.686] [pool-7-thread-1/DEBUG] [mixin/]: Renaming synthetic method lambda$create$contraptionStepSounds$2(Lorg/apache/commons/lang3/mutable/MutableBoolean;Lcom/simibubi/create/content/contraptions/Contraption;Lnet/minecraft/world/level/block/state/BlockState;Lnet/minecraft/core/BlockPos;)V to md0b2283$create$lambda$create$contraptionStepSounds$2$5 in create.mixins.json:client.EntityContraptionInteractionMixin from mod create
[09May2026 19:01:56.686] [pool-7-thread-1/DEBUG] [mixin/]: Renaming synthetic method lambda$create$forCollision$1(Lnet/minecraft/world/phys/Vec3;Lorg/apache/logging/log4j/util/TriConsumer;Lcom/simibubi/create/content/contraptions/AbstractContraptionEntity;)V to md0b2283$create$lambda$create$forCollision$1$6 in create.mixins.json:client.EntityContraptionInteractionMixin from mod create
[09May2026 19:01:56.687] [pool-7-thread-1/DEBUG] [mixin/]: Renaming synthetic method lambda$create$getIntersectionContraptionsStream$0(Lcom/simibubi/create/content/contraptions/AbstractContraptionEntity;)Z to md0b2283$create$lambda$create$getIntersectionContraptionsStream$0$7 in create.mixins.json:client.EntityContraptionInteractionMixin from mod create
[09May2026 19:01:56.695] [pool-7-thread-1/DEBUG] [mixin/]: Mixing clip_overwrite.EntityMixin from sable.mixins.json into net.minecraft.world.entity.Entity
[09May2026 19:01:56.696] [pool-7-thread-1/DEBUG] [mixin/]: Mixing death_message.EntityMixin from sable.mixins.json into net.minecraft.world.entity.Entity
[09May2026 19:01:56.696] [pool-7-thread-1/DEBUG] [mixin/]: Mixing entity.entities_in_blocks.EntityMixin from sable.mixins.json into net.minecraft.world.entity.Entity
[09May2026 19:01:56.701] [pool-7-thread-1/DEBUG] [mixin/]: Mixing entity.entities_stick_sublevels.EntityMixin from sable.mixins.json into net.minecraft.world.entity.Entity
[09May2026 19:01:56.704] [pool-7-thread-1/DEBUG] [mixin/]: Mixing entity.entities_stick_sublevels.effects.EntityMixin from sable.mixins.json into net.minecraft.world.entity.Entity
[09May2026 19:01:56.718] [pool-7-thread-1/DEBUG] [mixin/]: Mixing entity.entity_collision.EntityMixin from sable.mixins.json into net.minecraft.world.entity.Entity
[09May2026 19:01:56.720] [pool-7-thread-1/DEBUG] [mixin/]: Mixing entity.entity_rotations_and_riding.EntityMixin from sable.mixins.json into net.minecraft.world.entity.Entity
[09May2026 19:01:56.724] [pool-7-thread-1/DEBUG] [mixin/]: Mixing extension.EntityMixin from sable.mixins.json into net.minecraft.world.entity.Entity
[09May2026 19:01:56.726] [pool-7-thread-1/DEBUG] [mixin/]: Mixing interaction_distance.EntityMixin from sable.mixins.json into net.minecraft.world.entity.Entity
[09May2026 19:01:56.727] [pool-7-thread-1/DEBUG] [mixin/]: Mixing portal.EntityMixin from sable.mixins.json into net.minecraft.world.entity.Entity
[09May2026 19:01:56.730] [pool-7-thread-1/DEBUG] [mixin/]: Mixing tracking_points.EntityMixin from sable.mixins.json into net.minecraft.world.entity.Entity
[09May2026 19:01:56.734] [pool-7-thread-1/DEBUG] [mixin/]: Mixing water_occlusion.EntityMixin from sable.mixins.json into net.minecraft.world.entity.Entity
[09May2026 19:01:56.783] [pool-7-thread-1/DEBUG] [mixin/]: Mixing camera.camera_rotation.EntityMixin from sable.mixins.json into net.minecraft.world.entity.Entity
[09May2026 19:01:56.785] [pool-7-thread-1/DEBUG] [mixin/]: Mixing common.collision.IEEntity_Collision from imm_ptl.mixins.json into net.minecraft.world.entity.Entity
[09May2026 19:01:56.786] [pool-7-thread-1/DEBUG] [mixin/]: imm_ptl.mixins.json:common.collision.IEEntity_Collision from mod immersive_portals_core: Class version 65 required is higher than the class version supported by the current version of Mixin (JAVA_17 supports class version 61)
[09May2026 19:01:56.786] [pool-7-thread-1/DEBUG] [mixin/]: Renaming @Invoker method ip_CollideWithShapes(Lnet/minecraft/world/phys/Vec3;Lnet/minecraft/world/phys/AABB;Ljava/util/List;)Lnet/minecraft/world/phys/Vec3; to ip_CollideWithShapes$immersive_portals_core_$md$0b2283$8 in imm_ptl.mixins.json:common.collision.IEEntity_Collision from mod immersive_portals_core
[09May2026 19:01:56.786] [pool-7-thread-1/DEBUG] [mixin/]: Mixing common.collision.MixinEntity from imm_ptl.mixins.json into net.minecraft.world.entity.Entity
[09May2026 19:01:56.786] [pool-7-thread-1/DEBUG] [mixin/]: imm_ptl.mixins.json:common.collision.MixinEntity from mod immersive_portals_core: Class version 65 required is higher than the class version supported by the current version of Mixin (JAVA_17 supports class version 61)
[09May2026 19:01:56.823] [pool-7-thread-1/DEBUG] [mixin/]: Mixing common.mc_util.MixinEntity_U from imm_ptl.mixins.json into net.minecraft.world.entity.Entity
[09May2026 19:01:56.823] [pool-7-thread-1/DEBUG] [mixin/]: imm_ptl.mixins.json:common.mc_util.MixinEntity_U from mod immersive_portals_core: Class version 65 required is higher than the class version supported by the current version of Mixin (JAVA_17 supports class version 61)
[09May2026 19:01:56.827] [pool-7-thread-1/DEBUG] [mixin/]: Mixing entity.entity_sublevel_collision.EntityMixin from sable.mixins.json into net.minecraft.world.entity.Entity
[09May2026 19:01:56.856] [pool-7-thread-1/DEBUG] [mixin/]: Mixing EntityMixin from create.mixins.json into net.minecraft.world.entity.Entity
[09May2026 19:01:57.102] [pool-7-thread-1/DEBUG] [mixin/]: sable-neoforge.mixins.json:entity.entity_swimming.EntityMixin from mod sable->@Inject::sable$subLevelFluidOnEyes(Lorg/spongepowered/asm/mixin/injection/callback/CallbackInfo;)V doesn't use it's CallbackInfo
[09May2026 19:01:57.103] [pool-7-thread-1/DEBUG] [mixin/]: sable-neoforge.mixins.json:entity.entity_swimming.EntityMixin from mod sable->@Inject::sable$subLevelFluidOnEyes(Lorg/spongepowered/asm/mixin/injection/callback/CallbackInfo;)V has 0 override(s) in child classes
[09May2026 19:01:57.103] [pool-7-thread-1/DEBUG] [mixin/]: sable-neoforge.mixins.json:entity.entity_swimming.EntityMixin from mod sable->@Inject::sable$subLevelFluidOnEyes(Lorg/spongepowered/asm/mixin/injection/callback/CallbackInfo;)V won't be passed a CallbackInfo as a result
[09May2026 19:01:57.103] [pool-7-thread-1/DEBUG] [mixin/]: kubejs.mixins.json:EntityMixin from mod kubejs->@Inject::saveKJS(Lnet/minecraft/nbt/CompoundTag;Lorg/spongepowered/asm/mixin/injection/callback/CallbackInfoReturnable;)V doesn't use it's CallbackInfoReturnable
[09May2026 19:01:57.103] [pool-7-thread-1/DEBUG] [mixin/]: kubejs.mixins.json:EntityMixin from mod kubejs->@Inject::saveKJS(Lnet/minecraft/nbt/CompoundTag;Lorg/spongepowered/asm/mixin/injection/callback/CallbackInfoReturnable;)V has 0 override(s) in child classes
[09May2026 19:01:57.103] [pool-7-thread-1/DEBUG] [mixin/]: kubejs.mixins.json:EntityMixin from mod kubejs->@Inject::saveKJS(Lnet/minecraft/nbt/CompoundTag;Lorg/spongepowered/asm/mixin/injection/callback/CallbackInfoReturnable;)V won't be passed a CallbackInfoReturnable as a result
[09May2026 19:01:57.113] [pool-7-thread-1/DEBUG] [mixin/]: kubejs.mixins.json:EntityMixin from mod kubejs->@Inject::loadKJS(Lnet/minecraft/nbt/CompoundTag;Lorg/spongepowered/asm/mixin/injection/callback/CallbackInfo;)V doesn't use it's CallbackInfo
[09May2026 19:01:57.113] [pool-7-thread-1/DEBUG] [mixin/]: kubejs.mixins.json:EntityMixin from mod kubejs->@Inject::loadKJS(Lnet/minecraft/nbt/CompoundTag;Lorg/spongepowered/asm/mixin/injection/callback/CallbackInfo;)V has 0 override(s) in child classes
[09May2026 19:01:57.113] [pool-7-thread-1/DEBUG] [mixin/]: kubejs.mixins.json:EntityMixin from mod kubejs->@Inject::loadKJS(Lnet/minecraft/nbt/CompoundTag;Lorg/spongepowered/asm/mixin/injection/callback/CallbackInfo;)V won't be passed a CallbackInfo as a result
[09May2026 19:01:57.127] [pool-7-thread-1/DEBUG] [mixin/]: veil.quasar.mixins.json:client.QuasarEntityMixin from mod veil->@Inject::remove(Lorg/spongepowered/asm/mixin/injection/callback/CallbackInfo;)V doesn't use it's CallbackInfo
[09May2026 19:01:57.127] [pool-7-thread-1/DEBUG] [mixin/]: veil.quasar.mixins.json:client.QuasarEntityMixin from mod veil->@Inject::remove(Lorg/spongepowered/asm/mixin/injection/callback/CallbackInfo;)V has 0 override(s) in child classes
[09May2026 19:01:57.127] [pool-7-thread-1/DEBUG] [mixin/]: veil.quasar.mixins.json:client.QuasarEntityMixin from mod veil->@Inject::remove(Lorg/spongepowered/asm/mixin/injection/callback/CallbackInfo;)V won't be passed a CallbackInfo as a result
[09May2026 19:01:57.127] [pool-7-thread-1/DEBUG] [mixin/]: simulated.mixins.json:spring_item_bounce.EntityMixin from mod simulated->@Inject::awardAdvancementBeforeFallReset(DZLnet/minecraft/world/level/block/state/BlockState;Lnet/minecraft/core/BlockPos;Lorg/spongepowered/asm/mixin/injection/callback/CallbackInfo;)V doesn't use it's CallbackInfo
[09May2026 19:01:57.128] [pool-7-thread-1/DEBUG] [mixin/]: simulated.mixins.json:spring_item_bounce.EntityMixin from mod simulated->@Inject::awardAdvancementBeforeFallReset(DZLnet/minecraft/world/level/block/state/BlockState;Lnet/minecraft/core/BlockPos;Lorg/spongepowered/asm/mixin/injection/callback/CallbackInfo;)V has 0 override(s) in child classes
[09May2026 19:01:57.128] [pool-7-thread-1/DEBUG] [mixin/]: simulated.mixins.json:spring_item_bounce.EntityMixin from mod simulated->@Inject::awardAdvancementBeforeFallReset(DZLnet/minecraft/world/level/block/state/BlockState;Lnet/minecraft/core/BlockPos;Lorg/spongepowered/asm/mixin/injection/callback/CallbackInfo;)V won't be passed a CallbackInfo as a result
[09May2026 19:01:57.128] [pool-7-thread-1/DEBUG] [mixin/]: create.mixins.json:client.EntityContraptionInteractionMixin from mod create->@Inject::create$contraptionStepSounds(Lnet/minecraft/world/entity/MoverType;Lnet/minecraft/world/phys/Vec3;Lorg/spongepowered/asm/mixin/injection/callback/CallbackInfo;)V doesn't use it's CallbackInfo
[09May2026 19:01:57.128] [pool-7-thread-1/DEBUG] [mixin/]: create.mixins.json:client.EntityContraptionInteractionMixin from mod create->@Inject::create$contraptionStepSounds(Lnet/minecraft/world/entity/MoverType;Lnet/minecraft/world/phys/Vec3;Lorg/spongepowered/asm/mixin/injection/callback/CallbackInfo;)V has 0 override(s) in child classes
[09May2026 19:01:57.128] [pool-7-thread-1/DEBUG] [mixin/]: create.mixins.json:client.EntityContraptionInteractionMixin from mod create->@Inject::create$contraptionStepSounds(Lnet/minecraft/world/entity/MoverType;Lnet/minecraft/world/phys/Vec3;Lorg/spongepowered/asm/mixin/injection/callback/CallbackInfo;)V won't be passed a CallbackInfo as a result
[09May2026 19:01:57.129] [pool-7-thread-1/DEBUG] [mixin/]: create.mixins.json:client.EntityContraptionInteractionMixin from mod create->@Inject::create$onMove(Lnet/minecraft/world/entity/MoverType;Lnet/minecraft/world/phys/Vec3;Lorg/spongepowered/asm/mixin/injection/callback/CallbackInfo;)V doesn't use it's CallbackInfo
[09May2026 19:01:57.129] [pool-7-thread-1/DEBUG] [mixin/]: create.mixins.json:client.EntityContraptionInteractionMixin from mod create->@Inject::create$onMove(Lnet/minecraft/world/entity/MoverType;Lnet/minecraft/world/phys/Vec3;Lorg/spongepowered/asm/mixin/injection/callback/CallbackInfo;)V has 0 override(s) in child classes
[09May2026 19:01:57.129] [pool-7-thread-1/DEBUG] [mixin/]: create.mixins.json:client.EntityContraptionInteractionMixin from mod create->@Inject::create$onMove(Lnet/minecraft/world/entity/MoverType;Lnet/minecraft/world/phys/Vec3;Lorg/spongepowered/asm/mixin/injection/callback/CallbackInfo;)V won't be passed a CallbackInfo as a result
[09May2026 19:01:57.129] [pool-7-thread-1/DEBUG] [mixin/]: create.mixins.json:client.EntityContraptionInteractionMixin from mod create->@Inject::create$onSpawnSprintParticle(Lorg/spongepowered/asm/mixin/injection/callback/CallbackInfo;)V doesn't use it's CallbackInfo
[09May2026 19:01:57.129] [pool-7-thread-1/DEBUG] [mixin/]: create.mixins.json:client.EntityContraptionInteractionMixin from mod create->@Inject::create$onSpawnSprintParticle(Lorg/spongepowered/asm/mixin/injection/callback/CallbackInfo;)V has 0 override(s) in child classes
[09May2026 19:01:57.129] [pool-7-thread-1/DEBUG] [mixin/]: create.mixins.json:client.EntityContraptionInteractionMixin from mod create->@Inject::create$onSpawnSprintParticle(Lorg/spongepowered/asm/mixin/injection/callback/CallbackInfo;)V won't be passed a CallbackInfo as a result
[09May2026 19:01:57.129] [pool-7-thread-1/DEBUG] [mixin/]: sable.mixins.json:death_message.EntityMixin from mod sable->@Inject::sable$updateLastSubLevelId(Lorg/spongepowered/asm/mixin/injection/callback/CallbackInfo;)V doesn't use it's CallbackInfo
[09May2026 19:01:57.129] [pool-7-thread-1/DEBUG] [mixin/]: sable.mixins.json:death_message.EntityMixin from mod sable->@Inject::sable$updateLastSubLevelId(Lorg/spongepowered/asm/mixin/injection/callback/CallbackInfo;)V has 0 override(s) in child classes
[09May2026 19:01:57.129] [pool-7-thread-1/DEBUG] [mixin/]: sable.mixins.json:death_message.EntityMixin from mod sable->@Inject::sable$updateLastSubLevelId(Lorg/spongepowered/asm/mixin/injection/callback/CallbackInfo;)V won't be passed a CallbackInfo as a result
[09May2026 19:01:57.129] [pool-7-thread-1/DEBUG] [mixin/]: sable.mixins.json:entity.entities_in_blocks.EntityMixin from mod sable->@Inject::checkInsideBlocks(Lorg/spongepowered/asm/mixin/injection/callback/CallbackInfo;)V doesn't use it's CallbackInfo
[09May2026 19:01:57.129] [pool-7-thread-1/DEBUG] [mixin/]: sable.mixins.json:entity.entities_in_blocks.EntityMixin from mod sable->@Inject::checkInsideBlocks(Lorg/spongepowered/asm/mixin/injection/callback/CallbackInfo;)V has 0 override(s) in child classes
[09May2026 19:01:57.129] [pool-7-thread-1/DEBUG] [mixin/]: sable.mixins.json:entity.entities_in_blocks.EntityMixin from mod sable->@Inject::checkInsideBlocks(Lorg/spongepowered/asm/mixin/injection/callback/CallbackInfo;)V won't be passed a CallbackInfo as a result
[09May2026 19:01:57.179] [pool-7-thread-1/DEBUG] [mixin/]: sable.mixins.json:entity.entities_stick_sublevels.EntityMixin from mod sable->@Inject::sable$updateSubLevelPosition(Lorg/spongepowered/asm/mixin/injection/callback/CallbackInfo;)V doesn't use it's CallbackInfo
[09May2026 19:01:57.180] [pool-7-thread-1/DEBUG] [mixin/]: sable.mixins.json:entity.entities_stick_sublevels.EntityMixin from mod sable->@Inject::sable$updateSubLevelPosition(Lorg/spongepowered/asm/mixin/injection/callback/CallbackInfo;)V has 0 override(s) in child classes
[09May2026 19:01:57.180] [pool-7-thread-1/DEBUG] [mixin/]: sable.mixins.json:entity.entities_stick_sublevels.EntityMixin from mod sable->@Inject::sable$updateSubLevelPosition(Lorg/spongepowered/asm/mixin/injection/callback/CallbackInfo;)V won't be passed a CallbackInfo as a result
[09May2026 19:01:57.180] [pool-7-thread-1/DEBUG] [mixin/]: sable.mixins.json:entity.entities_stick_sublevels.EntityMixin from mod sable->@Inject::sable$recreateFromPacket(Lnet/minecraft/network/protocol/game/ClientboundAddEntityPacket;Lorg/spongepowered/asm/mixin/injection/callback/CallbackInfo;)V doesn't use it's CallbackInfo
[09May2026 19:01:57.180] [pool-7-thread-1/DEBUG] [mixin/]: sable.mixins.json:entity.entities_stick_sublevels.EntityMixin from mod sable->@Inject::sable$recreateFromPacket(Lnet/minecraft/network/protocol/game/ClientboundAddEntityPacket;Lorg/spongepowered/asm/mixin/injection/callback/CallbackInfo;)V has 0 override(s) in child classes
[09May2026 19:01:57.180] [pool-7-thread-1/DEBUG] [mixin/]: sable.mixins.json:entity.entities_stick_sublevels.EntityMixin from mod sable->@Inject::sable$recreateFromPacket(Lnet/minecraft/network/protocol/game/ClientboundAddEntityPacket;Lorg/spongepowered/asm/mixin/injection/callback/CallbackInfo;)V won't be passed a CallbackInfo as a result
[09May2026 19:01:57.181] [pool-7-thread-1/DEBUG] [mixin/]: sable.mixins.json:entity.entities_stick_sublevels.effects.EntityMixin from mod sable->@Inject::sable$spawnSprintParticle(Lorg/spongepowered/asm/mixin/injection/callback/CallbackInfo;)V doesn't use it's CallbackInfo
[09May2026 19:01:57.181] [pool-7-thread-1/DEBUG] [mixin/]: sable.mixins.json:entity.entities_stick_sublevels.effects.EntityMixin from mod sable->@Inject::sable$spawnSprintParticle(Lorg/spongepowered/asm/mixin/injection/callback/CallbackInfo;)V has 0 override(s) in child classes
[09May2026 19:01:57.181] [pool-7-thread-1/DEBUG] [mixin/]: sable.mixins.json:entity.entities_stick_sublevels.effects.EntityMixin from mod sable->@Inject::sable$spawnSprintParticle(Lorg/spongepowered/asm/mixin/injection/callback/CallbackInfo;)V won't be passed a CallbackInfo as a result
[09May2026 19:01:57.181] [pool-7-thread-1/DEBUG] [mixin/]: sable.mixins.json:entity.entities_stick_sublevels.effects.EntityMixin from mod sable->@Inject::sable$preGetOnPos(FLorg/spongepowered/asm/mixin/injection/callback/CallbackInfoReturnable;)V does use it's CallbackInfoReturnable
[09May2026 19:01:57.181] [pool-7-thread-1/DEBUG] [mixin/]: sable.mixins.json:entity.entity_rotations_and_riding.EntityMixin from mod sable->@Inject::moveRelative(FLnet/minecraft/world/phys/Vec3;Lorg/spongepowered/asm/mixin/injection/callback/CallbackInfo;)V does use it's CallbackInfo
[09May2026 19:01:57.181] [pool-7-thread-1/DEBUG] [mixin/]: sable.mixins.json:entity.entity_rotations_and_riding.EntityMixin from mod sable->@Inject::sable$onRidingTick(Lorg/spongepowered/asm/mixin/injection/callback/CallbackInfo;)V doesn't use it's CallbackInfo
[09May2026 19:01:57.181] [pool-7-thread-1/DEBUG] [mixin/]: sable.mixins.json:entity.entity_rotations_and_riding.EntityMixin from mod sable->@Inject::sable$onRidingTick(Lorg/spongepowered/asm/mixin/injection/callback/CallbackInfo;)V has 0 override(s) in child classes
[09May2026 19:01:57.181] [pool-7-thread-1/DEBUG] [mixin/]: sable.mixins.json:entity.entity_rotations_and_riding.EntityMixin from mod sable->@Inject::sable$onRidingTick(Lorg/spongepowered/asm/mixin/injection/callback/CallbackInfo;)V won't be passed a CallbackInfo as a result
[09May2026 19:01:57.181] [pool-7-thread-1/DEBUG] [mixin/]: sable.mixins.json:entity.entity_rotations_and_riding.EntityMixin from mod sable->@Inject::sable$onPositionRider(Lnet/minecraft/world/entity/Entity;Lorg/spongepowered/asm/mixin/injection/callback/CallbackInfo;)V doesn't use it's CallbackInfo
[09May2026 19:01:57.182] [pool-7-thread-1/DEBUG] [mixin/]: sable.mixins.json:entity.entity_rotations_and_riding.EntityMixin from mod sable->@Inject::sable$onPositionRider(Lnet/minecraft/world/entity/Entity;Lorg/spongepowered/asm/mixin/injection/callback/CallbackInfo;)V has 0 override(s) in child classes
[09May2026 19:01:57.182] [pool-7-thread-1/DEBUG] [mixin/]: sable.mixins.json:entity.entity_rotations_and_riding.EntityMixin from mod sable->@Inject::sable$onPositionRider(Lnet/minecraft/world/entity/Entity;Lorg/spongepowered/asm/mixin/injection/callback/CallbackInfo;)V won't be passed a CallbackInfo as a result
[09May2026 19:01:57.182] [pool-7-thread-1/DEBUG] [mixin/]: sable.mixins.json:tracking_points.EntityMixin from mod sable->@Inject::sable$load(Lnet/minecraft/nbt/CompoundTag;Lorg/spongepowered/asm/mixin/injection/callback/CallbackInfo;)V doesn't use it's CallbackInfo
[09May2026 19:01:57.182] [pool-7-thread-1/DEBUG] [mixin/]: sable.mixins.json:tracking_points.EntityMixin from mod sable->@Inject::sable$load(Lnet/minecraft/nbt/CompoundTag;Lorg/spongepowered/asm/mixin/injection/callback/CallbackInfo;)V has 0 override(s) in child classes
[09May2026 19:01:57.182] [pool-7-thread-1/DEBUG] [mixin/]: sable.mixins.json:tracking_points.EntityMixin from mod sable->@Inject::sable$load(Lnet/minecraft/nbt/CompoundTag;Lorg/spongepowered/asm/mixin/injection/callback/CallbackInfo;)V won't be passed a CallbackInfo as a result
[09May2026 19:01:57.182] [pool-7-thread-1/DEBUG] [mixin/]: sable.mixins.json:water_occlusion.EntityMixin from mod sable->@Inject::sable$updateFluidHeightAndDoFluidPushing(Lnet/minecraft/tags/TagKey;DLorg/spongepowered/asm/mixin/injection/callback/CallbackInfoReturnable;)V does use it's CallbackInfoReturnable
[09May2026 19:01:57.182] [pool-7-thread-1/DEBUG] [mixin/]: sable.mixins.json:camera.camera_rotation.EntityMixin from mod sable->@Inject::sable$calculateViewVector(FFLorg/spongepowered/asm/mixin/injection/callback/CallbackInfoReturnable;)V does use it's CallbackInfoReturnable
[09May2026 19:01:57.182] [pool-7-thread-1/DEBUG] [mixin/]: imm_ptl.mixins.json:common.collision.MixinEntity from mod immersive_portals_core->@Inject::onIsFireImmune(Lorg/spongepowered/asm/mixin/injection/callback/CallbackInfoReturnable;)V does use it's CallbackInfoReturnable
[09May2026 19:01:57.183] [pool-7-thread-1/DEBUG] [mixin/]: imm_ptl.mixins.json:common.collision.MixinEntity from mod immersive_portals_core->@Inject::onCheckInsideBlocks(Lorg/spongepowered/asm/mixin/injection/callback/CallbackInfo;Lnet/minecraft/world/phys/AABB;)V does use it's CallbackInfo
[09May2026 19:01:57.183] [pool-7-thread-1/DEBUG] [mixin/]: imm_ptl.mixins.json:common.collision.MixinEntity from mod immersive_portals_core->@Inject::onIsInsideWall(Lorg/spongepowered/asm/mixin/injection/callback/CallbackInfoReturnable;)V does use it's CallbackInfoReturnable
[09May2026 19:01:57.183] [pool-7-thread-1/DEBUG] [mixin/]: imm_ptl.mixins.json:common.collision.MixinEntity from mod immersive_portals_core->@Inject::onSetPos(DDDLorg/spongepowered/asm/mixin/injection/callback/CallbackInfo;)V doesn't use it's CallbackInfo
[09May2026 19:01:57.183] [pool-7-thread-1/DEBUG] [mixin/]: imm_ptl.mixins.json:common.collision.MixinEntity from mod immersive_portals_core->@Inject::onSetPos(DDDLorg/spongepowered/asm/mixin/injection/callback/CallbackInfo;)V has 0 override(s) in child classes
[09May2026 19:01:57.183] [pool-7-thread-1/DEBUG] [mixin/]: imm_ptl.mixins.json:common.collision.MixinEntity from mod immersive_portals_core->@Inject::onSetPos(DDDLorg/spongepowered/asm/mixin/injection/callback/CallbackInfo;)V won't be passed a CallbackInfo as a result
[09May2026 19:01:57.184] [pool-7-thread-1/DEBUG] [mixin/]: imm_ptl.mixins.json:common.collision.MixinEntity from mod immersive_portals_core->@Inject::onGetInBlockState(Lorg/spongepowered/asm/mixin/injection/callback/CallbackInfoReturnable;)V does use it's CallbackInfoReturnable
[09May2026 19:01:57.184] [pool-7-thread-1/DEBUG] [mixin/]: imm_ptl.mixins.json:common.mc_util.MixinEntity_U from mod immersive_portals_core->@Inject::onUpdateEntityPosition(DDDLorg/spongepowered/asm/mixin/injection/callback/CallbackInfo;)V doesn't use it's CallbackInfo
[09May2026 19:01:57.184] [pool-7-thread-1/DEBUG] [mixin/]: imm_ptl.mixins.json:common.mc_util.MixinEntity_U from mod immersive_portals_core->@Inject::onUpdateEntityPosition(DDDLorg/spongepowered/asm/mixin/injection/callback/CallbackInfo;)V has 0 override(s) in child classes
[09May2026 19:01:57.184] [pool-7-thread-1/DEBUG] [mixin/]: imm_ptl.mixins.json:common.mc_util.MixinEntity_U from mod immersive_portals_core->@Inject::onUpdateEntityPosition(DDDLorg/spongepowered/asm/mixin/injection/callback/CallbackInfo;)V won't be passed a CallbackInfo as a result
[09May2026 19:01:57.184] [pool-7-thread-1/DEBUG] [mixin/]: imm_ptl.mixins.json:common.mc_util.MixinEntity_U from mod immersive_portals_core->@Inject::onSetRemoved(Lnet/minecraft/world/entity/Entity$RemovalReason;Lorg/spongepowered/asm/mixin/injection/callback/CallbackInfo;)V doesn't use it's CallbackInfo
[09May2026 19:01:57.185] [pool-7-thread-1/DEBUG] [mixin/]: imm_ptl.mixins.json:common.mc_util.MixinEntity_U from mod immersive_portals_core->@Inject::onSetRemoved(Lnet/minecraft/world/entity/Entity$RemovalReason;Lorg/spongepowered/asm/mixin/injection/callback/CallbackInfo;)V has 0 override(s) in child classes
[09May2026 19:01:57.185] [pool-7-thread-1/DEBUG] [mixin/]: imm_ptl.mixins.json:common.mc_util.MixinEntity_U from mod immersive_portals_core->@Inject::onSetRemoved(Lnet/minecraft/world/entity/Entity$RemovalReason;Lorg/spongepowered/asm/mixin/injection/callback/CallbackInfo;)V won't be passed a CallbackInfo as a result
[09May2026 19:01:57.186] [pool-7-thread-1/DEBUG] [mixin/]: sable.mixins.json:entity.entity_sublevel_collision.EntityMixin from mod sable->@Inject::sable$moveInject(Lnet/minecraft/world/entity/MoverType;Lnet/minecraft/world/phys/Vec3;Lorg/spongepowered/asm/mixin/injection/callback/CallbackInfo;)V doesn't use it's CallbackInfo
[09May2026 19:01:57.186] [pool-7-thread-1/DEBUG] [mixin/]: sable.mixins.json:entity.entity_sublevel_collision.EntityMixin from mod sable->@Inject::sable$moveInject(Lnet/minecraft/world/entity/MoverType;Lnet/minecraft/world/phys/Vec3;Lorg/spongepowered/asm/mixin/injection/callback/CallbackInfo;)V has 0 override(s) in child classes
[09May2026 19:01:57.186] [pool-7-thread-1/DEBUG] [mixin/]: sable.mixins.json:entity.entity_sublevel_collision.EntityMixin from mod sable->@Inject::sable$moveInject(Lnet/minecraft/world/entity/MoverType;Lnet/minecraft/world/phys/Vec3;Lorg/spongepowered/asm/mixin/injection/callback/CallbackInfo;)V won't be passed a CallbackInfo as a result
[09May2026 19:01:57.186] [pool-7-thread-1/DEBUG] [mixin/]: sable.mixins.json:entity.entity_sublevel_collision.EntityMixin from mod sable->@Inject::sable$tickInject(Lorg/spongepowered/asm/mixin/injection/callback/CallbackInfo;)V doesn't use it's CallbackInfo
[09May2026 19:01:57.186] [pool-7-thread-1/DEBUG] [mixin/]: sable.mixins.json:entity.entity_sublevel_collision.EntityMixin from mod sable->@Inject::sable$tickInject(Lorg/spongepowered/asm/mixin/injection/callback/CallbackInfo;)V has 0 override(s) in child classes
[09May2026 19:01:57.186] [pool-7-thread-1/DEBUG] [mixin/]: sable.mixins.json:entity.entity_sublevel_collision.EntityMixin from mod sable->@Inject::sable$tickInject(Lorg/spongepowered/asm/mixin/injection/callback/CallbackInfo;)V won't be passed a CallbackInfo as a result
[09May2026 19:01:57.187] [pool-7-thread-1/WARN] [mixin/]: @Redirect conflict. Skipping imm_ptl.mixins.json:common.collision.MixinEntity from mod immersive_portals_core->@Redirect::redirectHandleCollisions(Lnet/minecraft/world/entity/Entity;Lnet/minecraft/world/phys/Vec3;)Lnet/minecraft/world/phys/Vec3; with priority 1000, already redirected by sable.mixins.json:entity.entity_sublevel_collision.EntityMixin from mod sable->@Redirect::sable$collideRedirect(Lnet/minecraft/world/entity/Entity;Lnet/minecraft/world/phys/Vec3;)Lnet/minecraft/world/phys/Vec3; with priority 1100
[09May2026 19:01:57.558] [main/DEBUG] [oshi.util.FileUtil/]: No oshi.architecture.properties file found from ClassLoader cpw.mods.modlauncher.TransformingClassLoader@70730db
[09May2026 19:01:57.976] [main/DEBUG] [mixin/]: Mixing AccessorPlayer from comforts.mixins.json into net.minecraft.world.entity.player.Player
[09May2026 19:01:57.976] [main/DEBUG] [mixin/]: comforts.mixins.json:AccessorPlayer from mod comforts: Class version 65 required is higher than the class version supported by the current version of Mixin (JAVA_17 supports class version 61)
[09May2026 19:01:57.976] [main/DEBUG] [mixin/]: Mixing player.PlayerMixin from simulated.mixins.json into net.minecraft.world.entity.player.Player
[09May2026 19:01:57.977] [main/DEBUG] [mixin/]: Mixing NourishmentAlwaysEatMixin from farmersdelight.mixins.json into net.minecraft.world.entity.player.Player
[09May2026 19:01:57.977] [main/DEBUG] [mixin/]: Mixing entity.entity_rotations_and_riding.PlayerMixin from sable.mixins.json into net.minecraft.world.entity.player.Player
[09May2026 19:01:57.988] [main/DEBUG] [mixin/]: Mixing entity.entity_sublevel_collision.PlayerMixin from sable.mixins.json into net.minecraft.world.entity.player.Player
[09May2026 19:01:57.996] [main/DEBUG] [mixin/]: Mixing interaction_distance.PlayerMixin from sable.mixins.json into net.minecraft.world.entity.player.Player
[09May2026 19:01:57.999] [main/DEBUG] [mixin/]: Mixing player_freezing.PlayerMixin from sable.mixins.json into net.minecraft.world.entity.player.Player
[09May2026 19:01:58.001] [main/DEBUG] [mixin/]: Mixing common.collision.MixinPlayer_Collision from imm_ptl.mixins.json into net.minecraft.world.entity.player.Player
[09May2026 19:01:58.002] [main/DEBUG] [mixin/]: imm_ptl.mixins.json:common.collision.MixinPlayer_Collision from mod immersive_portals_core: Class version 65 required is higher than the class version supported by the current version of Mixin (JAVA_17 supports class version 61)
[09May2026 19:01:58.003] [main/DEBUG] [mixin/]: Mixing common.other_sync.MixinPlayer_Pose from imm_ptl.mixins.json into net.minecraft.world.entity.player.Player
[09May2026 19:01:58.003] [main/DEBUG] [mixin/]: imm_ptl.mixins.json:common.other_sync.MixinPlayer_Pose from mod immersive_portals_core: Class version 65 required is higher than the class version supported by the current version of Mixin (JAVA_17 supports class version 61)
[09May2026 19:01:58.004] [main/DEBUG] [mixin/]: Mixing PlayerMixin from kubejs.mixins.json into net.minecraft.world.entity.player.Player
[09May2026 19:01:58.007] [main/DEBUG] [mixin/]: Mixing PlayerMixin from create.mixins.json into net.minecraft.world.entity.player.Player
[09May2026 19:01:58.026] [main/DEBUG] [mixin/]: farmersdelight.mixins.json:NourishmentAlwaysEatMixin from mod farmersdelight->@Inject::alwaysEatUnderNourishmentEffect(ZLorg/spongepowered/asm/mixin/injection/callback/CallbackInfoReturnable;)V does use it's CallbackInfoReturnable
[09May2026 19:01:58.027] [main/DEBUG] [mixin/]: sable.mixins.json:entity.entity_rotations_and_riding.PlayerMixin from mod sable->@Inject::sable$storeUpDeltaMovement(Lnet/minecraft/world/phys/Vec3;Lorg/spongepowered/asm/mixin/injection/callback/CallbackInfo;)V doesn't use it's CallbackInfo
[09May2026 19:01:58.028] [main/DEBUG] [mixin/]: sable.mixins.json:entity.entity_rotations_and_riding.PlayerMixin from mod sable->@Inject::sable$storeUpDeltaMovement(Lnet/minecraft/world/phys/Vec3;Lorg/spongepowered/asm/mixin/injection/callback/CallbackInfo;)V has 0 override(s) in child classes
[09May2026 19:01:58.028] [main/DEBUG] [mixin/]: sable.mixins.json:entity.entity_rotations_and_riding.PlayerMixin from mod sable->@Inject::sable$storeUpDeltaMovement(Lnet/minecraft/world/phys/Vec3;Lorg/spongepowered/asm/mixin/injection/callback/CallbackInfo;)V won't be passed a CallbackInfo as a result
[09May2026 19:01:58.028] [main/DEBUG] [mixin/]: sable.mixins.json:entity.entity_sublevel_collision.PlayerMixin from mod sable->@Inject::sable$maybeBackOffFromEdge(Lnet/minecraft/world/phys/Vec3;Lnet/minecraft/world/entity/MoverType;Lorg/spongepowered/asm/mixin/injection/callback/CallbackInfoReturnable;)V does use it's CallbackInfoReturnable
[09May2026 19:01:58.029] [main/DEBUG] [mixin/]: sable.mixins.json:interaction_distance.PlayerMixin from mod sable->@Inject::sable$canInteractWithBlock(Lnet/minecraft/core/BlockPos;DLorg/spongepowered/asm/mixin/injection/callback/CallbackInfoReturnable;)V does use it's CallbackInfoReturnable
[09May2026 19:01:58.029] [main/DEBUG] [mixin/]: sable.mixins.json:interaction_distance.PlayerMixin from mod sable->@Inject::sable$canInteractWithEntity(Lnet/minecraft/world/phys/AABB;DLorg/spongepowered/asm/mixin/injection/callback/CallbackInfoReturnable;)V does use it's CallbackInfoReturnable
[09May2026 19:01:58.029] [main/DEBUG] [mixin/]: sable.mixins.json:player_freezing.PlayerMixin from mod sable->@Inject::sable$preFrozenTick(Lorg/spongepowered/asm/mixin/injection/callback/CallbackInfo;)V doesn't use it's CallbackInfo
[09May2026 19:01:58.029] [main/DEBUG] [mixin/]: sable.mixins.json:player_freezing.PlayerMixin from mod sable->@Inject::sable$preFrozenTick(Lorg/spongepowered/asm/mixin/injection/callback/CallbackInfo;)V has 0 override(s) in child classes
[09May2026 19:01:58.029] [main/DEBUG] [mixin/]: sable.mixins.json:player_freezing.PlayerMixin from mod sable->@Inject::sable$preFrozenTick(Lorg/spongepowered/asm/mixin/injection/callback/CallbackInfo;)V won't be passed a CallbackInfo as a result
[09May2026 19:01:58.029] [main/DEBUG] [mixin/]: imm_ptl.mixins.json:common.other_sync.MixinPlayer_Pose from mod immersive_portals_core->@Inject::onUpdatePlayerPose(Lorg/spongepowered/asm/mixin/injection/callback/CallbackInfo;)V does use it's CallbackInfo
[09May2026 19:01:58.051] [main/DEBUG] [mixin/]: Mixing LivingEntityMixin from kubejs.mixins.json into net.minecraft.world.entity.LivingEntity
[09May2026 19:01:58.052] [main/DEBUG] [mixin/]: Mixing patch.entity.MixinLivingEntity from bookshelf.mixins.json into net.minecraft.world.entity.LivingEntity
[09May2026 19:01:58.052] [main/DEBUG] [mixin/]: bookshelf.mixins.json:patch.entity.MixinLivingEntity from mod bookshelf: Class version 65 required is higher than the class version supported by the current version of Mixin (JAVA_18 supports class version 62)
[09May2026 19:01:58.053] [main/DEBUG] [mixin/]: Mixing CustomItemUseEffectsMixin from create.mixins.json into net.minecraft.world.entity.LivingEntity
[09May2026 19:01:58.055] [main/DEBUG] [mixin/]: Mixing LavaSwimmingMixin from create.mixins.json into net.minecraft.world.entity.LivingEntity
[09May2026 19:01:58.060] [main/DEBUG] [mixin/]: Mixing accessor.LivingEntityAccessor from create.mixins.json into net.minecraft.world.entity.LivingEntity
[09May2026 19:01:58.060] [main/DEBUG] [mixin/]: Mixing climbing_sub_levels.LivingEntityMixin from sable.mixins.json into net.minecraft.world.entity.LivingEntity
[09May2026 19:01:58.063] [main/DEBUG] [mixin/]: Mixing entity.entities_stick_sublevels.LivingEntityMixin from sable.mixins.json into net.minecraft.world.entity.LivingEntity
[09May2026 19:01:58.068] [main/DEBUG] [mixin/]: Mixing entity.entities_stick_sublevels.effects.LivingEntityMixin from sable.mixins.json into net.minecraft.world.entity.LivingEntity
[09May2026 19:01:58.069] [main/DEBUG] [mixin/]: Mixing entity.entity_rotations_and_riding.LivingEntityMixin from sable.mixins.json into net.minecraft.world.entity.LivingEntity
[09May2026 19:01:58.073] [main/DEBUG] [mixin/]: Mixing entity.entity_sublevel_collision.LivingEntityMixin from sable.mixins.json into net.minecraft.world.entity.LivingEntity
[09May2026 19:01:58.079] [main/DEBUG] [mixin/]: Mixing respawn_point.sleeping.LivingEntityMixin from sable.mixins.json into net.minecraft.world.entity.LivingEntity
[09May2026 19:01:58.080] [main/DEBUG] [mixin/]: Mixing entities_stick_sublevels.effects.LivingEntityMixin from sable-neoforge.mixins.json into net.minecraft.world.entity.LivingEntity
[09May2026 19:01:58.081] [main/DEBUG] [mixin/]: Mixing common.MixinLivingEntity from imm_ptl.mixins.json into net.minecraft.world.entity.LivingEntity
[09May2026 19:01:58.081] [main/DEBUG] [mixin/]: imm_ptl.mixins.json:common.MixinLivingEntity from mod immersive_portals_core: Class version 65 required is higher than the class version supported by the current version of Mixin (JAVA_17 supports class version 61)
[09May2026 19:01:58.082] [main/DEBUG] [mixin/]: Mixing client.MixinLivingEntity_C from imm_ptl.mixins.json into net.minecraft.world.entity.LivingEntity
[09May2026 19:01:58.083] [main/DEBUG] [mixin/]: imm_ptl.mixins.json:client.MixinLivingEntity_C from mod immersive_portals_core: Class version 65 required is higher than the class version supported by the current version of Mixin (JAVA_17 supports class version 61)
[09May2026 19:01:58.141] [main/DEBUG] [mixin/]: kubejs.mixins.json:LivingEntityMixin from mod kubejs->@Inject::foodEaten(Lnet/minecraft/world/level/Level;Lnet/minecraft/world/item/ItemStack;Lnet/minecraft/world/food/FoodProperties;Lorg/spongepowered/asm/mixin/injection/callback/CallbackInfoReturnable;)V doesn't use it's CallbackInfoReturnable
[09May2026 19:01:58.141] [main/DEBUG] [mixin/]: kubejs.mixins.json:LivingEntityMixin from mod kubejs->@Inject::foodEaten(Lnet/minecraft/world/level/Level;Lnet/minecraft/world/item/ItemStack;Lnet/minecraft/world/food/FoodProperties;Lorg/spongepowered/asm/mixin/injection/callback/CallbackInfoReturnable;)V has 0 override(s) in child classes
[09May2026 19:01:58.141] [main/DEBUG] [mixin/]: kubejs.mixins.json:LivingEntityMixin from mod kubejs->@Inject::foodEaten(Lnet/minecraft/world/level/Level;Lnet/minecraft/world/item/ItemStack;Lnet/minecraft/world/food/FoodProperties;Lorg/spongepowered/asm/mixin/injection/callback/CallbackInfoReturnable;)V won't be passed a CallbackInfoReturnable as a result
[09May2026 19:01:58.141] [main/DEBUG] [mixin/]: bookshelf.mixins.json:patch.entity.MixinLivingEntity from mod bookshelf->@Inject::updateFakePlayerDamageTimes(Lnet/minecraft/world/damagesource/DamageSource;FLorg/spongepowered/asm/mixin/injection/callback/CallbackInfoReturnable;)V doesn't use it's CallbackInfoReturnable
[09May2026 19:01:58.141] [main/DEBUG] [mixin/]: bookshelf.mixins.json:patch.entity.MixinLivingEntity from mod bookshelf->@Inject::updateFakePlayerDamageTimes(Lnet/minecraft/world/damagesource/DamageSource;FLorg/spongepowered/asm/mixin/injection/callback/CallbackInfoReturnable;)V has 0 override(s) in child classes
[09May2026 19:01:58.141] [main/DEBUG] [mixin/]: bookshelf.mixins.json:patch.entity.MixinLivingEntity from mod bookshelf->@Inject::updateFakePlayerDamageTimes(Lnet/minecraft/world/damagesource/DamageSource;FLorg/spongepowered/asm/mixin/injection/callback/CallbackInfoReturnable;)V won't be passed a CallbackInfoReturnable as a result
[09May2026 19:01:58.141] [main/DEBUG] [mixin/]: create.mixins.json:CustomItemUseEffectsMixin from mod create->@Inject::create$onShouldTriggerUseEffects(Lorg/spongepowered/asm/mixin/injection/callback/CallbackInfoReturnable;)V does use it's CallbackInfoReturnable
[09May2026 19:01:58.141] [main/DEBUG] [mixin/]: create.mixins.json:CustomItemUseEffectsMixin from mod create->@Inject::create$onTriggerUseEffects(Lnet/minecraft/world/item/ItemStack;ILorg/spongepowered/asm/mixin/injection/callback/CallbackInfo;)V does use it's CallbackInfo
[09May2026 19:01:58.147] [main/DEBUG] [mixin/]: create.mixins.json:LavaSwimmingMixin from mod create->@Inject::create$onLavaTravel(Lnet/minecraft/world/phys/Vec3;Lorg/spongepowered/asm/mixin/injection/callback/CallbackInfo;)V doesn't use it's CallbackInfo
[09May2026 19:01:58.147] [main/DEBUG] [mixin/]: create.mixins.json:LavaSwimmingMixin from mod create->@Inject::create$onLavaTravel(Lnet/minecraft/world/phys/Vec3;Lorg/spongepowered/asm/mixin/injection/callback/CallbackInfo;)V has 0 override(s) in child classes
[09May2026 19:01:58.147] [main/DEBUG] [mixin/]: create.mixins.json:LavaSwimmingMixin from mod create->@Inject::create$onLavaTravel(Lnet/minecraft/world/phys/Vec3;Lorg/spongepowered/asm/mixin/injection/callback/CallbackInfo;)V won't be passed a CallbackInfo as a result
[09May2026 19:01:58.147] [main/DEBUG] [mixin/]: sable.mixins.json:entity.entities_stick_sublevels.LivingEntityMixin from mod sable->@Inject::sable$updateRotLerp(Lorg/spongepowered/asm/mixin/injection/callback/CallbackInfo;)V doesn't use it's CallbackInfo
[09May2026 19:01:58.147] [main/DEBUG] [mixin/]: sable.mixins.json:entity.entities_stick_sublevels.LivingEntityMixin from mod sable->@Inject::sable$updateRotLerp(Lorg/spongepowered/asm/mixin/injection/callback/CallbackInfo;)V has 0 override(s) in child classes
[09May2026 19:01:58.147] [main/DEBUG] [mixin/]: sable.mixins.json:entity.entities_stick_sublevels.LivingEntityMixin from mod sable->@Inject::sable$updateRotLerp(Lorg/spongepowered/asm/mixin/injection/callback/CallbackInfo;)V won't be passed a CallbackInfo as a result
[09May2026 19:01:58.147] [main/DEBUG] [mixin/]: sable.mixins.json:entity.entities_stick_sublevels.LivingEntityMixin from mod sable->@Inject::sable$updatePlotPosition(Lorg/spongepowered/asm/mixin/injection/callback/CallbackInfo;)V doesn't use it's CallbackInfo
[09May2026 19:01:58.147] [main/DEBUG] [mixin/]: sable.mixins.json:entity.entities_stick_sublevels.LivingEntityMixin from mod sable->@Inject::sable$updatePlotPosition(Lorg/spongepowered/asm/mixin/injection/callback/CallbackInfo;)V has 0 override(s) in child classes
[09May2026 19:01:58.147] [main/DEBUG] [mixin/]: sable.mixins.json:entity.entities_stick_sublevels.LivingEntityMixin from mod sable->@Inject::sable$updatePlotPosition(Lorg/spongepowered/asm/mixin/injection/callback/CallbackInfo;)V won't be passed a CallbackInfo as a result
[09May2026 19:01:58.147] [main/DEBUG] [mixin/]: sable.mixins.json:entity.entities_stick_sublevels.LivingEntityMixin from mod sable->@Inject::sable$recreateFromPacket(Lnet/minecraft/network/protocol/game/ClientboundAddEntityPacket;Lorg/spongepowered/asm/mixin/injection/callback/CallbackInfo;)V doesn't use it's CallbackInfo
[09May2026 19:01:58.148] [main/DEBUG] [mixin/]: sable.mixins.json:entity.entities_stick_sublevels.LivingEntityMixin from mod sable->@Inject::sable$recreateFromPacket(Lnet/minecraft/network/protocol/game/ClientboundAddEntityPacket;Lorg/spongepowered/asm/mixin/injection/callback/CallbackInfo;)V has 0 override(s) in child classes
[09May2026 19:01:58.160] [main/DEBUG] [mixin/]: sable.mixins.json:entity.entities_stick_sublevels.LivingEntityMixin from mod sable->@Inject::sable$recreateFromPacket(Lnet/minecraft/network/protocol/game/ClientboundAddEntityPacket;Lorg/spongepowered/asm/mixin/injection/callback/CallbackInfo;)V won't be passed a CallbackInfo as a result
[09May2026 19:01:58.160] [main/DEBUG] [mixin/]: sable.mixins.json:entity.entity_rotations_and_riding.LivingEntityMixin from mod sable->@Inject::sable$jumpFromGround(Lorg/spongepowered/asm/mixin/injection/callback/CallbackInfo;)V does use it's CallbackInfo
[09May2026 19:01:58.160] [main/DEBUG] [mixin/]: sable.mixins.json:entity.entity_sublevel_collision.LivingEntityMixin from mod sable->@Inject::sable$beforeAnimation(Lnet/minecraft/world/phys/Vec3;Lorg/spongepowered/asm/mixin/injection/callback/CallbackInfo;)V doesn't use it's CallbackInfo
[09May2026 19:01:58.160] [main/DEBUG] [mixin/]: sable.mixins.json:entity.entity_sublevel_collision.LivingEntityMixin from mod sable->@Inject::sable$beforeAnimation(Lnet/minecraft/world/phys/Vec3;Lorg/spongepowered/asm/mixin/injection/callback/CallbackInfo;)V has 0 override(s) in child classes
[09May2026 19:01:58.160] [main/DEBUG] [mixin/]: sable.mixins.json:entity.entity_sublevel_collision.LivingEntityMixin from mod sable->@Inject::sable$beforeAnimation(Lnet/minecraft/world/phys/Vec3;Lorg/spongepowered/asm/mixin/injection/callback/CallbackInfo;)V won't be passed a CallbackInfo as a result
[09May2026 19:01:58.164] [main/DEBUG] [mixin/]: sable-neoforge.mixins.json:entities_stick_sublevels.effects.LivingEntityMixin from mod sable->@Inject::playBlockFallSound(Lorg/spongepowered/asm/mixin/injection/callback/CallbackInfo;)V doesn't use it's CallbackInfo
[09May2026 19:01:58.164] [main/DEBUG] [mixin/]: sable-neoforge.mixins.json:entities_stick_sublevels.effects.LivingEntityMixin from mod sable->@Inject::playBlockFallSound(Lorg/spongepowered/asm/mixin/injection/callback/CallbackInfo;)V has 0 override(s) in child classes
[09May2026 19:01:58.164] [main/DEBUG] [mixin/]: sable-neoforge.mixins.json:entities_stick_sublevels.effects.LivingEntityMixin from mod sable->@Inject::playBlockFallSound(Lorg/spongepowered/asm/mixin/injection/callback/CallbackInfo;)V won't be passed a CallbackInfo as a result
[09May2026 19:01:58.166] [main/DEBUG] [mixin/]: imm_ptl.mixins.json:common.MixinLivingEntity from mod immersive_portals_core->@Inject::onTickEnded(Lorg/spongepowered/asm/mixin/injection/callback/CallbackInfo;)V doesn't use it's CallbackInfo
[09May2026 19:01:58.167] [main/DEBUG] [mixin/]: imm_ptl.mixins.json:common.MixinLivingEntity from mod immersive_portals_core->@Inject::onTickEnded(Lorg/spongepowered/asm/mixin/injection/callback/CallbackInfo;)V has 0 override(s) in child classes
[09May2026 19:01:58.175] [main/DEBUG] [mixin/]: imm_ptl.mixins.json:common.MixinLivingEntity from mod immersive_portals_core->@Inject::onTickEnded(Lorg/spongepowered/asm/mixin/injection/callback/CallbackInfo;)V won't be passed a CallbackInfo as a result
[09May2026 19:01:58.175] [main/DEBUG] [mixin/]: imm_ptl.mixins.json:client.MixinLivingEntity_C from mod immersive_portals_core->@Inject::onUpdateTrackedPositionAndAngles(DDDFFILorg/spongepowered/asm/mixin/injection/callback/CallbackInfo;)V doesn't use it's CallbackInfo
[09May2026 19:01:58.175] [main/DEBUG] [mixin/]: imm_ptl.mixins.json:client.MixinLivingEntity_C from mod immersive_portals_core->@Inject::onUpdateTrackedPositionAndAngles(DDDFFILorg/spongepowered/asm/mixin/injection/callback/CallbackInfo;)V has 0 override(s) in child classes
[09May2026 19:01:58.175] [main/DEBUG] [mixin/]: imm_ptl.mixins.json:client.MixinLivingEntity_C from mod immersive_portals_core->@Inject::onUpdateTrackedPositionAndAngles(DDDFFILorg/spongepowered/asm/mixin/injection/callback/CallbackInfo;)V won't be passed a CallbackInfo as a result
[09May2026 19:01:58.215] [main/DEBUG] [mixin/]: Mixing entity.entity_swimming.EntityMixin from sable-neoforge.mixins.json into net.minecraft.world.entity.Entity
[09May2026 19:01:58.226] [main/DEBUG] [mixin/]: Mixing EntityMixin from kubejs.mixins.json into net.minecraft.world.entity.Entity
[09May2026 19:01:58.229] [main/DEBUG] [mixin/]: Mixing access.entity.AccessorEntity from bookshelf.mixins.json into net.minecraft.world.entity.Entity
[09May2026 19:01:58.231] [main/DEBUG] [mixin/]: bookshelf.mixins.json:access.entity.AccessorEntity from mod bookshelf: Class version 65 required is higher than the class version supported by the current version of Mixin (JAVA_18 supports class version 62)
[09May2026 19:01:58.231] [main/DEBUG] [mixin/]: Mixing client.QuasarEntityMixin from veil.quasar.mixins.json into net.minecraft.world.entity.Entity
[09May2026 19:01:58.233] [main/DEBUG] [mixin/]: Mixing spring_item_bounce.EntityMixin from simulated.mixins.json into net.minecraft.world.entity.Entity
[09May2026 19:01:58.235] [main/DEBUG] [mixin/]: Mixing server.MixinLevelTicks from DistantHorizons.neoforge.mixins.json into net.minecraft.world.entity.Entity
[09May2026 19:01:58.235] [main/DEBUG] [mixin/]: Mixing client.MixinChunkSectionsToRender from DistantHorizons.neoforge.mixins.json into net.minecraft.world.entity.Entity
[09May2026 19:01:58.241] [main/DEBUG] [mixin/]: Mixing client.MixinGameRenderer from DistantHorizons.neoforge.mixins.json into net.minecraft.world.entity.Entity
[09May2026 19:01:58.242] [main/DEBUG] [mixin/]: Mixing EntityAccess from jade.mixins.json into net.minecraft.world.entity.Entity
[09May2026 19:01:58.242] [main/DEBUG] [mixin/]: jade.mixins.json:EntityAccess from mod jade: Class version 65 required is higher than the class version supported by the current version of Mixin (JAVA_16 supports class version 60)
[09May2026 19:01:58.242] [main/DEBUG] [mixin/]: Mixing accessor.EntityAccessor from ponder-common.mixins.json into net.minecraft.world.entity.Entity
[09May2026 19:01:58.244] [main/DEBUG] [mixin/]: ponder-common.mixins.json:accessor.EntityAccessor from mod ponder: Class version 65 required is higher than the class version supported by the current version of Mixin (JAVA_17 supports class version 61)
[09May2026 19:01:58.244] [main/DEBUG] [mixin/]: Mixing client.EntityContraptionInteractionMixin from create.mixins.json into net.minecraft.world.entity.Entity
[09May2026 19:01:58.250] [main/DEBUG] [mixin/]: Mixing clip_overwrite.EntityMixin from sable.mixins.json into net.minecraft.world.entity.Entity
[09May2026 19:01:58.250] [main/DEBUG] [mixin/]: Mixing death_message.EntityMixin from sable.mixins.json into net.minecraft.world.entity.Entity
[09May2026 19:01:58.251] [main/DEBUG] [mixin/]: Mixing entity.entities_in_blocks.EntityMixin from sable.mixins.json into net.minecraft.world.entity.Entity
[09May2026 19:01:58.253] [main/DEBUG] [mixin/]: Mixing entity.entities_stick_sublevels.EntityMixin from sable.mixins.json into net.minecraft.world.entity.Entity
[09May2026 19:01:58.255] [main/DEBUG] [mixin/]: Mixing entity.entities_stick_sublevels.effects.EntityMixin from sable.mixins.json into net.minecraft.world.entity.Entity
[09May2026 19:01:58.271] [main/DEBUG] [mixin/]: Mixing entity.entity_collision.EntityMixin from sable.mixins.json into net.minecraft.world.entity.Entity
[09May2026 19:01:58.271] [main/DEBUG] [mixin/]: Mixing entity.entity_rotations_and_riding.EntityMixin from sable.mixins.json into net.minecraft.world.entity.Entity
[09May2026 19:01:58.280] [main/DEBUG] [mixin/]: Mixing extension.EntityMixin from sable.mixins.json into net.minecraft.world.entity.Entity
[09May2026 19:01:58.287] [main/DEBUG] [mixin/]: Mixing interaction_distance.EntityMixin from sable.mixins.json into net.minecraft.world.entity.Entity
[09May2026 19:01:58.288] [main/DEBUG] [mixin/]: Mixing portal.EntityMixin from sable.mixins.json into net.minecraft.world.entity.Entity
[09May2026 19:01:58.289] [main/DEBUG] [mixin/]: Mixing tracking_points.EntityMixin from sable.mixins.json into net.minecraft.world.entity.Entity
[09May2026 19:01:58.290] [main/DEBUG] [mixin/]: Mixing water_occlusion.EntityMixin from sable.mixins.json into net.minecraft.world.entity.Entity
[09May2026 19:01:58.292] [main/DEBUG] [mixin/]: Mixing camera.camera_rotation.EntityMixin from sable.mixins.json into net.minecraft.world.entity.Entity
[09May2026 19:01:58.293] [main/DEBUG] [mixin/]: Mixing common.collision.IEEntity_Collision from imm_ptl.mixins.json into net.minecraft.world.entity.Entity
[09May2026 19:01:58.294] [main/DEBUG] [mixin/]: imm_ptl.mixins.json:common.collision.IEEntity_Collision from mod immersive_portals_core: Class version 65 required is higher than the class version supported by the current version of Mixin (JAVA_17 supports class version 61)
[09May2026 19:01:58.294] [main/DEBUG] [mixin/]: Mixing common.collision.MixinEntity from imm_ptl.mixins.json into net.minecraft.world.entity.Entity
[09May2026 19:01:58.301] [main/DEBUG] [mixin/]: imm_ptl.mixins.json:common.collision.MixinEntity from mod immersive_portals_core: Class version 65 required is higher than the class version supported by the current version of Mixin (JAVA_17 supports class version 61)
[09May2026 19:01:58.311] [main/DEBUG] [mixin/]: Mixing common.mc_util.MixinEntity_U from imm_ptl.mixins.json into net.minecraft.world.entity.Entity
[09May2026 19:01:58.311] [main/DEBUG] [mixin/]: imm_ptl.mixins.json:common.mc_util.MixinEntity_U from mod immersive_portals_core: Class version 65 required is higher than the class version supported by the current version of Mixin (JAVA_17 supports class version 61)
[09May2026 19:01:58.313] [main/DEBUG] [mixin/]: Mixing entity.entity_sublevel_collision.EntityMixin from sable.mixins.json into net.minecraft.world.entity.Entity
[09May2026 19:01:58.322] [main/DEBUG] [mixin/]: Mixing EntityMixin from create.mixins.json into net.minecraft.world.entity.Entity
[09May2026 19:01:58.395] [main/DEBUG] [mixin/]: sable-neoforge.mixins.json:entity.entity_swimming.EntityMixin from mod sable->@Inject::sable$subLevelFluidOnEyes(Lorg/spongepowered/asm/mixin/injection/callback/CallbackInfo;)V doesn't use it's CallbackInfo
[09May2026 19:01:58.395] [main/DEBUG] [mixin/]: sable-neoforge.mixins.json:entity.entity_swimming.EntityMixin from mod sable->@Inject::sable$subLevelFluidOnEyes(Lorg/spongepowered/asm/mixin/injection/callback/CallbackInfo;)V has 0 override(s) in child classes
[09May2026 19:01:58.395] [main/DEBUG] [mixin/]: sable-neoforge.mixins.json:entity.entity_swimming.EntityMixin from mod sable->@Inject::sable$subLevelFluidOnEyes(Lorg/spongepowered/asm/mixin/injection/callback/CallbackInfo;)V won't be passed a CallbackInfo as a result
[09May2026 19:01:58.396] [main/DEBUG] [mixin/]: kubejs.mixins.json:EntityMixin from mod kubejs->@Inject::saveKJS(Lnet/minecraft/nbt/CompoundTag;Lorg/spongepowered/asm/mixin/injection/callback/CallbackInfoReturnable;)V doesn't use it's CallbackInfoReturnable
[09May2026 19:01:58.396] [main/DEBUG] [mixin/]: kubejs.mixins.json:EntityMixin from mod kubejs->@Inject::saveKJS(Lnet/minecraft/nbt/CompoundTag;Lorg/spongepowered/asm/mixin/injection/callback/CallbackInfoReturnable;)V has 0 override(s) in child classes
[09May2026 19:01:58.396] [main/DEBUG] [mixin/]: kubejs.mixins.json:EntityMixin from mod kubejs->@Inject::saveKJS(Lnet/minecraft/nbt/CompoundTag;Lorg/spongepowered/asm/mixin/injection/callback/CallbackInfoReturnable;)V won't be passed a CallbackInfoReturnable as a result
[09May2026 19:01:58.396] [main/DEBUG] [mixin/]: kubejs.mixins.json:EntityMixin from mod kubejs->@Inject::loadKJS(Lnet/minecraft/nbt/CompoundTag;Lorg/spongepowered/asm/mixin/injection/callback/CallbackInfo;)V doesn't use it's CallbackInfo
[09May2026 19:01:58.396] [main/DEBUG] [mixin/]: kubejs.mixins.json:EntityMixin from mod kubejs->@Inject::loadKJS(Lnet/minecraft/nbt/CompoundTag;Lorg/spongepowered/asm/mixin/injection/callback/CallbackInfo;)V has 0 override(s) in child classes
[09May2026 19:01:58.396] [main/DEBUG] [mixin/]: kubejs.mixins.json:EntityMixin from mod kubejs->@Inject::loadKJS(Lnet/minecraft/nbt/CompoundTag;Lorg/spongepowered/asm/mixin/injection/callback/CallbackInfo;)V won't be passed a CallbackInfo as a result
[09May2026 19:01:58.396] [main/DEBUG] [mixin/]: veil.quasar.mixins.json:client.QuasarEntityMixin from mod veil->@Inject::remove(Lorg/spongepowered/asm/mixin/injection/callback/CallbackInfo;)V doesn't use it's CallbackInfo
[09May2026 19:01:58.396] [main/DEBUG] [mixin/]: veil.quasar.mixins.json:client.QuasarEntityMixin from mod veil->@Inject::remove(Lorg/spongepowered/asm/mixin/injection/callback/CallbackInfo;)V has 0 override(s) in child classes
[09May2026 19:01:58.396] [main/DEBUG] [mixin/]: veil.quasar.mixins.json:client.QuasarEntityMixin from mod veil->@Inject::remove(Lorg/spongepowered/asm/mixin/injection/callback/CallbackInfo;)V won't be passed a CallbackInfo as a result
[09May2026 19:01:58.396] [main/DEBUG] [mixin/]: simulated.mixins.json:spring_item_bounce.EntityMixin from mod simulated->@Inject::awardAdvancementBeforeFallReset(DZLnet/minecraft/world/level/block/state/BlockState;Lnet/minecraft/core/BlockPos;Lorg/spongepowered/asm/mixin/injection/callback/CallbackInfo;)V doesn't use it's CallbackInfo
[09May2026 19:01:58.396] [main/DEBUG] [mixin/]: simulated.mixins.json:spring_item_bounce.EntityMixin from mod simulated->@Inject::awardAdvancementBeforeFallReset(DZLnet/minecraft/world/level/block/state/BlockState;Lnet/minecraft/core/BlockPos;Lorg/spongepowered/asm/mixin/injection/callback/CallbackInfo;)V has 0 override(s) in child classes
[09May2026 19:01:58.396] [main/DEBUG] [mixin/]: simulated.mixins.json:spring_item_bounce.EntityMixin from mod simulated->@Inject::awardAdvancementBeforeFallReset(DZLnet/minecraft/world/level/block/state/BlockState;Lnet/minecraft/core/BlockPos;Lorg/spongepowered/asm/mixin/injection/callback/CallbackInfo;)V won't be passed a CallbackInfo as a result
[09May2026 19:01:58.396] [main/DEBUG] [mixin/]: create.mixins.json:client.EntityContraptionInteractionMixin from mod create->@Inject::create$contraptionStepSounds(Lnet/minecraft/world/entity/MoverType;Lnet/minecraft/world/phys/Vec3;Lorg/spongepowered/asm/mixin/injection/callback/CallbackInfo;)V doesn't use it's CallbackInfo
[09May2026 19:01:58.396] [main/DEBUG] [mixin/]: create.mixins.json:client.EntityContraptionInteractionMixin from mod create->@Inject::create$contraptionStepSounds(Lnet/minecraft/world/entity/MoverType;Lnet/minecraft/world/phys/Vec3;Lorg/spongepowered/asm/mixin/injection/callback/CallbackInfo;)V has 0 override(s) in child classes
[09May2026 19:01:58.396] [main/DEBUG] [mixin/]: create.mixins.json:client.EntityContraptionInteractionMixin from mod create->@Inject::create$contraptionStepSounds(Lnet/minecraft/world/entity/MoverType;Lnet/minecraft/world/phys/Vec3;Lorg/spongepowered/asm/mixin/injection/callback/CallbackInfo;)V won't be passed a CallbackInfo as a result
[09May2026 19:01:58.396] [main/DEBUG] [mixin/]: create.mixins.json:client.EntityContraptionInteractionMixin from mod create->@Inject::create$onMove(Lnet/minecraft/world/entity/MoverType;Lnet/minecraft/world/phys/Vec3;Lorg/spongepowered/asm/mixin/injection/callback/CallbackInfo;)V doesn't use it's CallbackInfo
[09May2026 19:01:58.396] [main/DEBUG] [mixin/]: create.mixins.json:client.EntityContraptionInteractionMixin from mod create->@Inject::create$onMove(Lnet/minecraft/world/entity/MoverType;Lnet/minecraft/world/phys/Vec3;Lorg/spongepowered/asm/mixin/injection/callback/CallbackInfo;)V has 0 override(s) in child classes
[09May2026 19:01:58.396] [main/DEBUG] [mixin/]: create.mixins.json:client.EntityContraptionInteractionMixin from mod create->@Inject::create$onMove(Lnet/minecraft/world/entity/MoverType;Lnet/minecraft/world/phys/Vec3;Lorg/spongepowered/asm/mixin/injection/callback/CallbackInfo;)V won't be passed a CallbackInfo as a result
[09May2026 19:01:58.396] [main/DEBUG] [mixin/]: create.mixins.json:client.EntityContraptionInteractionMixin from mod create->@Inject::create$onSpawnSprintParticle(Lorg/spongepowered/asm/mixin/injection/callback/CallbackInfo;)V doesn't use it's CallbackInfo
[09May2026 19:01:58.396] [main/DEBUG] [mixin/]: create.mixins.json:client.EntityContraptionInteractionMixin from mod create->@Inject::create$onSpawnSprintParticle(Lorg/spongepowered/asm/mixin/injection/callback/CallbackInfo;)V has 0 override(s) in child classes
[09May2026 19:01:58.396] [main/DEBUG] [mixin/]: create.mixins.json:client.EntityContraptionInteractionMixin from mod create->@Inject::create$onSpawnSprintParticle(Lorg/spongepowered/asm/mixin/injection/callback/CallbackInfo;)V won't be passed a CallbackInfo as a result
[09May2026 19:01:58.396] [main/DEBUG] [mixin/]: sable.mixins.json:death_message.EntityMixin from mod sable->@Inject::sable$updateLastSubLevelId(Lorg/spongepowered/asm/mixin/injection/callback/CallbackInfo;)V doesn't use it's CallbackInfo
[09May2026 19:01:58.396] [main/DEBUG] [mixin/]: sable.mixins.json:death_message.EntityMixin from mod sable->@Inject::sable$updateLastSubLevelId(Lorg/spongepowered/asm/mixin/injection/callback/CallbackInfo;)V has 0 override(s) in child classes
[09May2026 19:01:58.396] [main/DEBUG] [mixin/]: sable.mixins.json:death_message.EntityMixin from mod sable->@Inject::sable$updateLastSubLevelId(Lorg/spongepowered/asm/mixin/injection/callback/CallbackInfo;)V won't be passed a CallbackInfo as a result
[09May2026 19:01:58.396] [main/DEBUG] [mixin/]: sable.mixins.json:entity.entities_in_blocks.EntityMixin from mod sable->@Inject::checkInsideBlocks(Lorg/spongepowered/asm/mixin/injection/callback/CallbackInfo;)V doesn't use it's CallbackInfo
[09May2026 19:01:58.396] [main/DEBUG] [mixin/]: sable.mixins.json:entity.entities_in_blocks.EntityMixin from mod sable->@Inject::checkInsideBlocks(Lorg/spongepowered/asm/mixin/injection/callback/CallbackInfo;)V has 0 override(s) in child classes
[09May2026 19:01:58.396] [main/DEBUG] [mixin/]: sable.mixins.json:entity.entities_in_blocks.EntityMixin from mod sable->@Inject::checkInsideBlocks(Lorg/spongepowered/asm/mixin/injection/callback/CallbackInfo;)V won't be passed a CallbackInfo as a result
[09May2026 19:01:58.397] [main/DEBUG] [mixin/]: sable.mixins.json:entity.entities_stick_sublevels.EntityMixin from mod sable->@Inject::sable$updateSubLevelPosition(Lorg/spongepowered/asm/mixin/injection/callback/CallbackInfo;)V doesn't use it's CallbackInfo
[09May2026 19:01:58.397] [main/DEBUG] [mixin/]: sable.mixins.json:entity.entities_stick_sublevels.EntityMixin from mod sable->@Inject::sable$updateSubLevelPosition(Lorg/spongepowered/asm/mixin/injection/callback/CallbackInfo;)V has 0 override(s) in child classes
[09May2026 19:01:58.397] [main/DEBUG] [mixin/]: sable.mixins.json:entity.entities_stick_sublevels.EntityMixin from mod sable->@Inject::sable$updateSubLevelPosition(Lorg/spongepowered/asm/mixin/injection/callback/CallbackInfo;)V won't be passed a CallbackInfo as a result
[09May2026 19:01:58.397] [main/DEBUG] [mixin/]: sable.mixins.json:entity.entities_stick_sublevels.EntityMixin from mod sable->@Inject::sable$recreateFromPacket(Lnet/minecraft/network/protocol/game/ClientboundAddEntityPacket;Lorg/spongepowered/asm/mixin/injection/callback/CallbackInfo;)V doesn't use it's CallbackInfo
[09May2026 19:01:58.397] [main/DEBUG] [mixin/]: sable.mixins.json:entity.entities_stick_sublevels.EntityMixin from mod sable->@Inject::sable$recreateFromPacket(Lnet/minecraft/network/protocol/game/ClientboundAddEntityPacket;Lorg/spongepowered/asm/mixin/injection/callback/CallbackInfo;)V has 0 override(s) in child classes
[09May2026 19:01:58.397] [main/DEBUG] [mixin/]: sable.mixins.json:entity.entities_stick_sublevels.EntityMixin from mod sable->@Inject::sable$recreateFromPacket(Lnet/minecraft/network/protocol/game/ClientboundAddEntityPacket;Lorg/spongepowered/asm/mixin/injection/callback/CallbackInfo;)V won't be passed a CallbackInfo as a result
[09May2026 19:01:58.397] [main/DEBUG] [mixin/]: sable.mixins.json:entity.entities_stick_sublevels.effects.EntityMixin from mod sable->@Inject::sable$spawnSprintParticle(Lorg/spongepowered/asm/mixin/injection/callback/CallbackInfo;)V doesn't use it's CallbackInfo
[09May2026 19:01:58.397] [main/DEBUG] [mixin/]: sable.mixins.json:entity.entities_stick_sublevels.effects.EntityMixin from mod sable->@Inject::sable$spawnSprintParticle(Lorg/spongepowered/asm/mixin/injection/callback/CallbackInfo;)V has 0 override(s) in child classes
[09May2026 19:01:58.397] [main/DEBUG] [mixin/]: sable.mixins.json:entity.entities_stick_sublevels.effects.EntityMixin from mod sable->@Inject::sable$spawnSprintParticle(Lorg/spongepowered/asm/mixin/injection/callback/CallbackInfo;)V won't be passed a CallbackInfo as a result
[09May2026 19:01:58.397] [main/DEBUG] [mixin/]: sable.mixins.json:entity.entities_stick_sublevels.effects.EntityMixin from mod sable->@Inject::sable$preGetOnPos(FLorg/spongepowered/asm/mixin/injection/callback/CallbackInfoReturnable;)V does use it's CallbackInfoReturnable
[09May2026 19:01:58.397] [main/DEBUG] [mixin/]: sable.mixins.json:entity.entity_rotations_and_riding.EntityMixin from mod sable->@Inject::moveRelative(FLnet/minecraft/world/phys/Vec3;Lorg/spongepowered/asm/mixin/injection/callback/CallbackInfo;)V does use it's CallbackInfo
[09May2026 19:01:58.399] [main/DEBUG] [mixin/]: sable.mixins.json:entity.entity_rotations_and_riding.EntityMixin from mod sable->@Inject::sable$onRidingTick(Lorg/spongepowered/asm/mixin/injection/callback/CallbackInfo;)V doesn't use it's CallbackInfo
[09May2026 19:01:58.399] [main/DEBUG] [mixin/]: sable.mixins.json:entity.entity_rotations_and_riding.EntityMixin from mod sable->@Inject::sable$onRidingTick(Lorg/spongepowered/asm/mixin/injection/callback/CallbackInfo;)V has 0 override(s) in child classes
[09May2026 19:01:58.400] [main/DEBUG] [mixin/]: sable.mixins.json:entity.entity_rotations_and_riding.EntityMixin from mod sable->@Inject::sable$onRidingTick(Lorg/spongepowered/asm/mixin/injection/callback/CallbackInfo;)V won't be passed a CallbackInfo as a result
[09May2026 19:01:58.400] [main/DEBUG] [mixin/]: sable.mixins.json:entity.entity_rotations_and_riding.EntityMixin from mod sable->@Inject::sable$onPositionRider(Lnet/minecraft/world/entity/Entity;Lorg/spongepowered/asm/mixin/injection/callback/CallbackInfo;)V doesn't use it's CallbackInfo
[09May2026 19:01:58.400] [main/DEBUG] [mixin/]: sable.mixins.json:entity.entity_rotations_and_riding.EntityMixin from mod sable->@Inject::sable$onPositionRider(Lnet/minecraft/world/entity/Entity;Lorg/spongepowered/asm/mixin/injection/callback/CallbackInfo;)V has 0 override(s) in child classes
[09May2026 19:01:58.400] [main/DEBUG] [mixin/]: sable.mixins.json:entity.entity_rotations_and_riding.EntityMixin from mod sable->@Inject::sable$onPositionRider(Lnet/minecraft/world/entity/Entity;Lorg/spongepowered/asm/mixin/injection/callback/CallbackInfo;)V won't be passed a CallbackInfo as a result
[09May2026 19:01:58.400] [main/DEBUG] [mixin/]: sable.mixins.json:tracking_points.EntityMixin from mod sable->@Inject::sable$load(Lnet/minecraft/nbt/CompoundTag;Lorg/spongepowered/asm/mixin/injection/callback/CallbackInfo;)V doesn't use it's CallbackInfo
[09May2026 19:01:58.400] [main/DEBUG] [mixin/]: sable.mixins.json:tracking_points.EntityMixin from mod sable->@Inject::sable$load(Lnet/minecraft/nbt/CompoundTag;Lorg/spongepowered/asm/mixin/injection/callback/CallbackInfo;)V has 0 override(s) in child classes
[09May2026 19:01:58.400] [main/DEBUG] [mixin/]: sable.mixins.json:tracking_points.EntityMixin from mod sable->@Inject::sable$load(Lnet/minecraft/nbt/CompoundTag;Lorg/spongepowered/asm/mixin/injection/callback/CallbackInfo;)V won't be passed a CallbackInfo as a result
[09May2026 19:01:58.400] [main/DEBUG] [mixin/]: sable.mixins.json:water_occlusion.EntityMixin from mod sable->@Inject::sable$updateFluidHeightAndDoFluidPushing(Lnet/minecraft/tags/TagKey;DLorg/spongepowered/asm/mixin/injection/callback/CallbackInfoReturnable;)V does use it's CallbackInfoReturnable
[09May2026 19:01:58.400] [main/DEBUG] [mixin/]: sable.mixins.json:camera.camera_rotation.EntityMixin from mod sable->@Inject::sable$calculateViewVector(FFLorg/spongepowered/asm/mixin/injection/callback/CallbackInfoReturnable;)V does use it's CallbackInfoReturnable
[09May2026 19:01:58.400] [main/DEBUG] [mixin/]: imm_ptl.mixins.json:common.collision.MixinEntity from mod immersive_portals_core->@Inject::onIsFireImmune(Lorg/spongepowered/asm/mixin/injection/callback/CallbackInfoReturnable;)V does use it's CallbackInfoReturnable
[09May2026 19:01:58.400] [main/DEBUG] [mixin/]: imm_ptl.mixins.json:common.collision.MixinEntity from mod immersive_portals_core->@Inject::onCheckInsideBlocks(Lorg/spongepowered/asm/mixin/injection/callback/CallbackInfo;Lnet/minecraft/world/phys/AABB;)V does use it's CallbackInfo
[09May2026 19:01:58.400] [main/DEBUG] [mixin/]: imm_ptl.mixins.json:common.collision.MixinEntity from mod immersive_portals_core->@Inject::onIsInsideWall(Lorg/spongepowered/asm/mixin/injection/callback/CallbackInfoReturnable;)V does use it's CallbackInfoReturnable
[09May2026 19:01:58.400] [main/DEBUG] [mixin/]: imm_ptl.mixins.json:common.collision.MixinEntity from mod immersive_portals_core->@Inject::onSetPos(DDDLorg/spongepowered/asm/mixin/injection/callback/CallbackInfo;)V doesn't use it's CallbackInfo
[09May2026 19:01:58.400] [main/DEBUG] [mixin/]: imm_ptl.mixins.json:common.collision.MixinEntity from mod immersive_portals_core->@Inject::onSetPos(DDDLorg/spongepowered/asm/mixin/injection/callback/CallbackInfo;)V has 0 override(s) in child classes
[09May2026 19:01:58.400] [main/DEBUG] [mixin/]: imm_ptl.mixins.json:common.collision.MixinEntity from mod immersive_portals_core->@Inject::onSetPos(DDDLorg/spongepowered/asm/mixin/injection/callback/CallbackInfo;)V won't be passed a CallbackInfo as a result
[09May2026 19:01:58.401] [main/DEBUG] [mixin/]: imm_ptl.mixins.json:common.collision.MixinEntity from mod immersive_portals_core->@Inject::onGetInBlockState(Lorg/spongepowered/asm/mixin/injection/callback/CallbackInfoReturnable;)V does use it's CallbackInfoReturnable
[09May2026 19:01:58.401] [main/DEBUG] [mixin/]: imm_ptl.mixins.json:common.mc_util.MixinEntity_U from mod immersive_portals_core->@Inject::onUpdateEntityPosition(DDDLorg/spongepowered/asm/mixin/injection/callback/CallbackInfo;)V doesn't use it's CallbackInfo
[09May2026 19:01:58.401] [main/DEBUG] [mixin/]: imm_ptl.mixins.json:common.mc_util.MixinEntity_U from mod immersive_portals_core->@Inject::onUpdateEntityPosition(DDDLorg/spongepowered/asm/mixin/injection/callback/CallbackInfo;)V has 0 override(s) in child classes
[09May2026 19:01:58.401] [main/DEBUG] [mixin/]: imm_ptl.mixins.json:common.mc_util.MixinEntity_U from mod immersive_portals_core->@Inject::onUpdateEntityPosition(DDDLorg/spongepowered/asm/mixin/injection/callback/CallbackInfo;)V won't be passed a CallbackInfo as a result
[09May2026 19:01:58.401] [main/DEBUG] [mixin/]: imm_ptl.mixins.json:common.mc_util.MixinEntity_U from mod immersive_portals_core->@Inject::onSetRemoved(Lnet/minecraft/world/entity/Entity$RemovalReason;Lorg/spongepowered/asm/mixin/injection/callback/CallbackInfo;)V doesn't use it's CallbackInfo
[09May2026 19:01:58.401] [main/DEBUG] [mixin/]: imm_ptl.mixins.json:common.mc_util.MixinEntity_U from mod immersive_portals_core->@Inject::onSetRemoved(Lnet/minecraft/world/entity/Entity$RemovalReason;Lorg/spongepowered/asm/mixin/injection/callback/CallbackInfo;)V has 0 override(s) in child classes
[09May2026 19:01:58.401] [main/DEBUG] [mixin/]: imm_ptl.mixins.json:common.mc_util.MixinEntity_U from mod immersive_portals_core->@Inject::onSetRemoved(Lnet/minecraft/world/entity/Entity$RemovalReason;Lorg/spongepowered/asm/mixin/injection/callback/CallbackInfo;)V won't be passed a CallbackInfo as a result
[09May2026 19:01:58.401] [main/DEBUG] [mixin/]: sable.mixins.json:entity.entity_sublevel_collision.EntityMixin from mod sable->@Inject::sable$moveInject(Lnet/minecraft/world/entity/MoverType;Lnet/minecraft/world/phys/Vec3;Lorg/spongepowered/asm/mixin/injection/callback/CallbackInfo;)V doesn't use it's CallbackInfo
[09May2026 19:01:58.401] [main/DEBUG] [mixin/]: sable.mixins.json:entity.entity_sublevel_collision.EntityMixin from mod sable->@Inject::sable$moveInject(Lnet/minecraft/world/entity/MoverType;Lnet/minecraft/world/phys/Vec3;Lorg/spongepowered/asm/mixin/injection/callback/CallbackInfo;)V has 0 override(s) in child classes
[09May2026 19:01:58.401] [main/DEBUG] [mixin/]: sable.mixins.json:entity.entity_sublevel_collision.EntityMixin from mod sable->@Inject::sable$moveInject(Lnet/minecraft/world/entity/MoverType;Lnet/minecraft/world/phys/Vec3;Lorg/spongepowered/asm/mixin/injection/callback/CallbackInfo;)V won't be passed a CallbackInfo as a result
[09May2026 19:01:58.401] [main/DEBUG] [mixin/]: sable.mixins.json:entity.entity_sublevel_collision.EntityMixin from mod sable->@Inject::sable$tickInject(Lorg/spongepowered/asm/mixin/injection/callback/CallbackInfo;)V doesn't use it's CallbackInfo
[09May2026 19:01:58.401] [main/DEBUG] [mixin/]: sable.mixins.json:entity.entity_sublevel_collision.EntityMixin from mod sable->@Inject::sable$tickInject(Lorg/spongepowered/asm/mixin/injection/callback/CallbackInfo;)V has 0 override(s) in child classes
[09May2026 19:01:58.401] [main/DEBUG] [mixin/]: sable.mixins.json:entity.entity_sublevel_collision.EntityMixin from mod sable->@Inject::sable$tickInject(Lorg/spongepowered/asm/mixin/injection/callback/CallbackInfo;)V won't be passed a CallbackInfo as a result
[09May2026 19:01:58.402] [main/WARN] [mixin/]: @Redirect conflict. Skipping imm_ptl.mixins.json:common.collision.MixinEntity from mod immersive_portals_core->@Redirect::redirectHandleCollisions(Lnet/minecraft/world/entity/Entity;Lnet/minecraft/world/phys/Vec3;)Lnet/minecraft/world/phys/Vec3; with priority 1000, already redirected by sable.mixins.json:entity.entity_sublevel_collision.EntityMixin from mod sable->@Redirect::sable$collideRedirect(Lnet/minecraft/world/entity/Entity;Lnet/minecraft/world/phys/Vec3;)Lnet/minecraft/world/phys/Vec3; with priority 1100
